-- --------------------------------------------------------
-- Host:                         127.0.0.1
-- Server version:               8.0.30 - MySQL Community Server - GPL
-- Server OS:                    Win64
-- HeidiSQL Version:             12.1.0.6537
-- --------------------------------------------------------

/*!40101 SET @OLD_CHARACTER_SET_CLIENT=@@CHARACTER_SET_CLIENT */;
/*!40101 SET NAMES utf8 */;
/*!50503 SET NAMES utf8mb4 */;
/*!40103 SET @OLD_TIME_ZONE=@@TIME_ZONE */;
/*!40103 SET TIME_ZONE='+00:00' */;
/*!40014 SET @OLD_FOREIGN_KEY_CHECKS=@@FOREIGN_KEY_CHECKS, FOREIGN_KEY_CHECKS=0 */;
/*!40101 SET @OLD_SQL_MODE=@@SQL_MODE, SQL_MODE='NO_AUTO_VALUE_ON_ZERO' */;
/*!40111 SET @OLD_SQL_NOTES=@@SQL_NOTES, SQL_NOTES=0 */;


-- Dumping database structure for aksamedia-intern
CREATE DATABASE IF NOT EXISTS `aksamedia-intern` /*!40100 DEFAULT CHARACTER SET utf8mb4 COLLATE utf8mb4_0900_ai_ci */ /*!80016 DEFAULT ENCRYPTION='N' */;
USE `aksamedia-intern`;

-- Dumping structure for table aksamedia-intern.cache
CREATE TABLE IF NOT EXISTS `cache` (
  `key` varchar(255) NOT NULL,
  `value` mediumtext NOT NULL,
  `expiration` int NOT NULL,
  PRIMARY KEY (`key`)
) ENGINE=InnoDB DEFAULT CHARSET=utf8mb4 COLLATE=utf8mb4_0900_ai_ci;

-- Dumping data for table aksamedia-intern.cache: ~0 rows (approximately)
INSERT INTO `cache` (`key`, `value`, `expiration`) VALUES
	('bKBSS6Lk9ty7QLHj', 's:7:"forever";', 2051865723);

-- Dumping structure for table aksamedia-intern.cache_locks
CREATE TABLE IF NOT EXISTS `cache_locks` (
  `key` varchar(255) NOT NULL,
  `owner` varchar(255) NOT NULL,
  `expiration` int NOT NULL,
  PRIMARY KEY (`key`)
) ENGINE=InnoDB DEFAULT CHARSET=utf8mb4 COLLATE=utf8mb4_0900_ai_ci;

-- Dumping data for table aksamedia-intern.cache_locks: ~0 rows (approximately)

-- Dumping structure for table aksamedia-intern.divisions
CREATE TABLE IF NOT EXISTS `divisions` (
  `id` char(36) NOT NULL,
  `name` varchar(255) CHARACTER SET utf8mb4 COLLATE utf8mb4_0900_ai_ci NOT NULL,
  `created_at` timestamp NULL DEFAULT NULL,
  `updated_at` timestamp NULL DEFAULT NULL,
  PRIMARY KEY (`id`)
) ENGINE=InnoDB DEFAULT CHARSET=utf8mb4 COLLATE=utf8mb4_0900_ai_ci;

-- Dumping data for table aksamedia-intern.divisions: ~0 rows (approximately)
INSERT INTO `divisions` (`id`, `name`, `created_at`, `updated_at`) VALUES
	('9deee45c-b3e0-411f-b260-d0bbc74e469f', 'Mobile Apps', NULL, NULL),
	('9deee45c-baf4-49e1-8571-8ea496217ae4', 'QA', NULL, NULL),
	('9deee45c-bc39-4541-85e9-015afc4a5770', 'Full Stack', NULL, NULL),
	('9deee45c-bd4f-4ab0-99f4-af13fbdf2980', 'Backend', NULL, NULL),
	('9deee45c-beb3-4e03-8c0d-7eade3e3d1ed', 'Frontend', NULL, NULL),
	('9deee45c-c0bf-4069-98f9-07dd6747069a', 'UI/UX Designer', NULL, NULL);

-- Dumping structure for table aksamedia-intern.employees
CREATE TABLE IF NOT EXISTS `employees` (
  `id` char(36) NOT NULL,
  `image` varchar(255) NOT NULL,
  `name` varchar(255) NOT NULL,
  `phone` varchar(255) NOT NULL,
  `division_id` varchar(255) NOT NULL,
  `position` varchar(255) NOT NULL,
  `created_at` timestamp NULL DEFAULT NULL,
  `updated_at` timestamp NULL DEFAULT NULL,
  PRIMARY KEY (`id`),
  KEY `employees_division_id_foreign` (`division_id`),
  CONSTRAINT `employees_division_id_foreign` FOREIGN KEY (`division_id`) REFERENCES `divisions` (`id`)
) ENGINE=InnoDB DEFAULT CHARSET=utf8mb4 COLLATE=utf8mb4_0900_ai_ci;

-- Dumping data for table aksamedia-intern.employees: ~0 rows (approximately)
INSERT INTO `employees` (`id`, `image`, `name`, `phone`, `division_id`, `position`, `created_at`, `updated_at`) VALUES
	('0m3n4i5j-7l0m-2o5m-j78k-012345678jkl', 'img202.jpg', 'Yanto', '0888888888', '9deee45c-c0bf-4069-98f9-07dd6747069a', 'Developer', '2025-01-10 11:00:00', '2025-01-10 02:06:51'),
	('1f3c4a5b-8c1d-4f6d-a89b-123456789abc', 'image1.jpg', 'John Doe', '081234567890', '9deee45c-b3e0-411f-b260-d0bbc74e469f', 'Developer', '2025-01-01 02:00:00', '2025-01-01 02:00:00'),
	('2e5f6a7b-9d2e-4g7e-b90c-234567890bcd', 'image2.jpg', 'Jane Smith', '082345678901', '9deee45c-b3e0-411f-b260-d0bbc74e469f', 'Developer', '2025-01-02 03:00:00', '2025-01-02 03:00:00'),
	('4g7h8c9d-1f4g-6i9g-d12e-456789012def', 'image4.jpg', 'Bob Brown', '084567890123', '9deee45c-baf4-49e1-8571-8ea496217ae4', 'Developer', '2025-01-04 05:00:00', '2025-01-04 05:00:00'),
	('5h8i9d0e-2g5h-7j0h-e23f-567890123efg', 'image5.jpg', 'Charlie Davis', '085678901234', '9deee45c-bd4f-4ab0-99f4-af13fbdf2980', 'Developer', '2025-01-05 06:00:00', '2025-01-05 06:00:00'),
	('6i9j0e1f-3h6i-8k1i-f34g-678901234fgh', 'image6.jpg', 'Diana Green', '086789012345', '9deee45c-bd4f-4ab0-99f4-af13fbdf2980', 'Developer', '2025-01-06 07:00:00', '2025-01-06 07:00:00'),
	('7j0k1f2g-4i7j-9l2j-g45h-789012345ghi', 'image7.jpg', 'Edward White', '087890123456', '9deee45c-beb3-4e03-8c0d-7eade3e3d1ed', 'Developer', '2025-01-07 08:00:00', '2025-01-07 08:00:00'),
	('8k1l2g3h-5j8k-0m3k-h56i-890123456hij', 'image8.jpg', 'Fiona Black', '088901234567', '9deee45c-beb3-4e03-8c0d-7eade3e3d1ed', 'Developer', '2025-01-08 09:00:00', '2025-01-08 09:00:00'),
	('9def170c-78fa-46e9-a704-9c01a6233e6e', 'img11.jpg', 'Yanto', '0888888888', '9deee45c-c0bf-4069-98f9-07dd6747069a', 'Developer', '2025-01-10 01:41:34', '2025-01-10 01:41:34'),
	('9l2m3h4i-6k9l-1n4l-i67j-901234567ijk', 'image9.jpg', 'George Miller', '089012345678', '9deee45c-c0bf-4069-98f9-07dd6747069a', 'Developer', '2025-01-09 10:00:00', '2025-01-09 10:00:00');

-- Dumping structure for table aksamedia-intern.failed_jobs
CREATE TABLE IF NOT EXISTS `failed_jobs` (
  `id` bigint unsigned NOT NULL AUTO_INCREMENT,
  `uuid` varchar(255) NOT NULL,
  `connection` text NOT NULL,
  `queue` text NOT NULL,
  `payload` longtext NOT NULL,
  `exception` longtext NOT NULL,
  `failed_at` timestamp NOT NULL DEFAULT CURRENT_TIMESTAMP,
  PRIMARY KEY (`id`),
  UNIQUE KEY `failed_jobs_uuid_unique` (`uuid`)
) ENGINE=InnoDB DEFAULT CHARSET=utf8mb4 COLLATE=utf8mb4_0900_ai_ci;

-- Dumping data for table aksamedia-intern.failed_jobs: ~0 rows (approximately)

-- Dumping structure for table aksamedia-intern.jobs
CREATE TABLE IF NOT EXISTS `jobs` (
  `id` bigint unsigned NOT NULL AUTO_INCREMENT,
  `queue` varchar(255) NOT NULL,
  `payload` longtext NOT NULL,
  `attempts` tinyint unsigned NOT NULL,
  `reserved_at` int unsigned DEFAULT NULL,
  `available_at` int unsigned NOT NULL,
  `created_at` int unsigned NOT NULL,
  PRIMARY KEY (`id`),
  KEY `jobs_queue_index` (`queue`)
) ENGINE=InnoDB DEFAULT CHARSET=utf8mb4 COLLATE=utf8mb4_0900_ai_ci;

-- Dumping data for table aksamedia-intern.jobs: ~0 rows (approximately)

-- Dumping structure for table aksamedia-intern.job_batches
CREATE TABLE IF NOT EXISTS `job_batches` (
  `id` varchar(255) NOT NULL,
  `name` varchar(255) NOT NULL,
  `total_jobs` int NOT NULL,
  `pending_jobs` int NOT NULL,
  `failed_jobs` int NOT NULL,
  `failed_job_ids` longtext NOT NULL,
  `options` mediumtext,
  `cancelled_at` int DEFAULT NULL,
  `created_at` int NOT NULL,
  `finished_at` int DEFAULT NULL,
  PRIMARY KEY (`id`)
) ENGINE=InnoDB DEFAULT CHARSET=utf8mb4 COLLATE=utf8mb4_0900_ai_ci;

-- Dumping data for table aksamedia-intern.job_batches: ~0 rows (approximately)

-- Dumping structure for table aksamedia-intern.migrations
CREATE TABLE IF NOT EXISTS `migrations` (
  `id` int unsigned NOT NULL AUTO_INCREMENT,
  `migration` varchar(255) NOT NULL,
  `batch` int NOT NULL,
  PRIMARY KEY (`id`)
) ENGINE=InnoDB AUTO_INCREMENT=7 DEFAULT CHARSET=utf8mb4 COLLATE=utf8mb4_0900_ai_ci;

-- Dumping data for table aksamedia-intern.migrations: ~1 rows (approximately)
INSERT INTO `migrations` (`id`, `migration`, `batch`) VALUES
	(1, '0001_01_01_000000_create_users_table', 1),
	(2, '0001_01_01_000001_create_cache_table', 1),
	(3, '0001_01_01_000002_create_jobs_table', 1),
	(4, '2025_01_10_041419_create_personal_access_tokens_table', 2),
	(5, '2025_01_10_064735_create_divisions_table', 3),
	(6, '2025_01_10_080316_create_employees_table', 4);

-- Dumping structure for table aksamedia-intern.nilais
CREATE TABLE IF NOT EXISTS `nilais` (
  `id_status` int DEFAULT NULL,
  `profil_tes_id` int DEFAULT NULL,
  `id_siswa` int DEFAULT NULL,
  `soal_bank_paket_id` int DEFAULT NULL,
  `nama` varchar(500) CHARACTER SET utf8mb4 COLLATE utf8mb4_0900_ai_ci DEFAULT NULL,
  `nisn` varchar(500) CHARACTER SET utf8mb4 COLLATE utf8mb4_0900_ai_ci DEFAULT NULL,
  `jk` char(1) DEFAULT NULL,
  `skor` decimal(10,0) DEFAULT NULL,
  `soal_benar` int DEFAULT NULL,
  `nama_pelajaran` varchar(500) CHARACTER SET utf8mb4 COLLATE utf8mb4_0900_ai_ci DEFAULT NULL,
  `pelajaran_id` int DEFAULT NULL,
  `materi_uji_id` int DEFAULT NULL,
  `sesi` int DEFAULT NULL,
  `id_pelaksanaan` int DEFAULT NULL,
  `nama_sekolah` varchar(500) CHARACTER SET utf8mb4 COLLATE utf8mb4_0900_ai_ci DEFAULT NULL,
  `total_soal` int DEFAULT NULL,
  `urutan` int DEFAULT NULL,
  `created_at` timestamp NULL DEFAULT NULL
) ENGINE=InnoDB DEFAULT CHARSET=utf8mb4 COLLATE=utf8mb4_0900_ai_ci;

-- Dumping data for table aksamedia-intern.nilais: ~552 rows (approximately)
INSERT INTO `nilais` (`id_status`, `profil_tes_id`, `id_siswa`, `soal_bank_paket_id`, `nama`, `nisn`, `jk`, `skor`, `soal_benar`, `nama_pelajaran`, `pelajaran_id`, `materi_uji_id`, `sesi`, `id_pelaksanaan`, `nama_sekolah`, `total_soal`, `urutan`, `created_at`) VALUES
	(3884137, 31, 211136, 225, 'Ahmad Fadlan', '3097012709', 'L', 0, 0, 'BERHITUNG ANGKA', 19, 5, 1, 1975327, 'SMA ISLAM UBUDIYAH MANTANGAI', 50, 1, NULL),
	(3888229, 31, 211136, 226, 'Ahmad Fadlan', '3097012709', 'L', 2, 2, 'GABUNGAN BAGIAN', 20, 5, 1, 1975327, 'SMA ISLAM UBUDIYAH MANTANGAI', 20, 2, NULL),
	(3886065, 31, 211136, 227, 'Ahmad Fadlan', '3097012709', 'L', 7, 7, 'HUBUNGAN KATA', 21, 5, 1, 1975327, 'SMA ISLAM UBUDIYAH MANTANGAI', 20, 3, NULL),
	(3892080, 31, 211136, 228, 'Ahmad Fadlan', '3097012709', 'L', 3, 3, 'EKSKLUSI GAMBAR', 22, 5, 1, 1975327, 'SMA ISLAM UBUDIYAH MANTANGAI', 12, 4, NULL),
	(3878594, 31, 211136, 229, 'Ahmad Fadlan', '3097012709', 'L', 2, 2, 'SOAL BERHITUNG', 23, 5, 1, 1975327, 'SMA ISLAM UBUDIYAH MANTANGAI', 10, 5, NULL),
	(3893220, 31, 211136, 230, 'Ahmad Fadlan', '3097012709', 'L', 16, 16, 'MENELITI', 24, 5, 1, 1975327, 'SMA ISLAM UBUDIYAH MANTANGAI', 50, 6, NULL),
	(3891607, 31, 211136, 231, 'Ahmad Fadlan', '3097012709', 'L', 6, 6, 'MEMBENTUK BENDA', 25, 5, 1, 1975327, 'SMA ISLAM UBUDIYAH MANTANGAI', 12, 7, NULL),
	(3904010, 31, 211136, 232, 'Ahmad Fadlan', '3097012709', 'L', 6, 6, 'EKSKLUSI KATA', 26, 5, 1, 1975327, 'SMA ISLAM UBUDIYAH MANTANGAI', 20, 8, NULL),
	(3894202, 31, 211136, 233, 'Ahmad Fadlan', '3097012709', 'L', 3, 3, 'BAYANGAN CERMIN', 27, 5, 1, 1975327, 'SMA ISLAM UBUDIYAH MANTANGAI', 20, 9, NULL),
	(3894907, 31, 211136, 234, 'Ahmad Fadlan', '3097012709', 'L', 18, 18, 'BERHITUNG HURUF', 28, 5, 1, 1975327, 'SMA ISLAM UBUDIYAH MANTANGAI', 30, 10, NULL),
	(3904715, 31, 211136, 235, 'Ahmad Fadlan', '3097012709', 'L', 5, 5, 'MEMBANDINGKAN BENDA', 29, 5, 1, 1975327, 'SMA ISLAM UBUDIYAH MANTANGAI', 25, 11, NULL),
	(3884328, 31, 211136, 236, 'Ahmad Fadlan', '3097012709', 'L', 8, 8, 'PEMBENTUKAN KATA', 30, 5, 1, 1975327, 'SMA ISLAM UBUDIYAH MANTANGAI', 41, 12, NULL),
	(3920004, 31, 211136, 252, 'Ahmad Fadlan', '3097012709', 'L', 4, 3, 'REALISTIC', 36, 7, 1, 1975328, 'SMA ISLAM UBUDIYAH MANTANGAI', 7, 99, NULL),
	(3923044, 31, 211136, 240, 'Ahmad Fadlan', '3097012709', 'L', 0, 5, 'Quesioner Test', 37, 6, 1, 1975330, 'SMA ISLAM UBUDIYAH MANTANGAI', 5, 99, NULL),
	(3920005, 31, 211136, 253, 'Ahmad Fadlan', '3097012709', 'L', 2, 1, 'INVESTIGATIVE', 38, 7, 1, 1975328, 'SMA ISLAM UBUDIYAH MANTANGAI', 8, 99, NULL),
	(3920006, 31, 211136, 254, 'Ahmad Fadlan', '3097012709', 'L', 2, 1, 'ARTISTIC', 39, 7, 1, 1975328, 'SMA ISLAM UBUDIYAH MANTANGAI', 7, 99, NULL),
	(3920007, 31, 211136, 255, 'Ahmad Fadlan', '3097012709', 'L', 2, 2, 'SOCIAL', 40, 7, 1, 1975328, 'SMA ISLAM UBUDIYAH MANTANGAI', 7, 99, NULL),
	(3920008, 31, 211136, 256, 'Ahmad Fadlan', '3097012709', 'L', 4, 1, 'ENTERPRISING', 41, 7, 1, 1975328, 'SMA ISLAM UBUDIYAH MANTANGAI', 7, 99, NULL),
	(3920009, 31, 211136, 257, 'Ahmad Fadlan', '3097012709', 'L', 2, 2, 'CONVENTIONAL', 42, 7, 1, 1975328, 'SMA ISLAM UBUDIYAH MANTANGAI', 7, 99, NULL),
	(3920003, 31, 211136, 258, 'Ahmad Fadlan', '3097012709', 'L', 5, 5, 'Pelajaran Khusus', 43, 7, 1, 1975328, 'SMA ISLAM UBUDIYAH MANTANGAI', 6, 99, NULL),
	(3920016, 31, 211136, 263, 'Ahmad Fadlan', '3097012709', 'L', 5, 5, 'Verbal', 44, 4, 1, 1975329, 'SMA ISLAM UBUDIYAH MANTANGAI', 12, 99, NULL),
	(3921948, 31, 211136, 264, 'Ahmad Fadlan', '3097012709', 'L', 1, 1, 'Kuantitatif', 45, 4, 1, 1975329, 'SMA ISLAM UBUDIYAH MANTANGAI', 20, 99, NULL),
	(3922493, 31, 211136, 265, 'Ahmad Fadlan', '3097012709', 'L', 1, 1, 'Penalaran', 46, 4, 1, 1975329, 'SMA ISLAM UBUDIYAH MANTANGAI', 5, 99, NULL),
	(3920790, 31, 211136, 266, 'Ahmad Fadlan', '3097012709', 'L', 6, 6, 'Figural', 47, 4, 1, 1975329, 'SMA ISLAM UBUDIYAH MANTANGAI', 21, 99, NULL),
	(3929183, 31, 211137, 225, 'Alpianor', '3088979054', 'L', 11, 11, 'BERHITUNG ANGKA', 19, 5, 1, 1975335, 'SMA ISLAM UBUDIYAH MANTANGAI', 25, 1, NULL),
	(3914792, 31, 211137, 226, 'Alpianor', '3088979054', 'L', 11, 11, 'GABUNGAN BAGIAN', 20, 5, 1, 1975335, 'SMA ISLAM UBUDIYAH MANTANGAI', 20, 2, NULL),
	(3902390, 31, 211137, 227, 'Alpianor', '3088979054', 'L', 4, 4, 'HUBUNGAN KATA', 21, 5, 1, 1975335, 'SMA ISLAM UBUDIYAH MANTANGAI', 21, 3, NULL),
	(3894014, 31, 211137, 228, 'Alpianor', '3088979054', 'L', 8, 8, 'EKSKLUSI GAMBAR', 22, 5, 1, 1975335, 'SMA ISLAM UBUDIYAH MANTANGAI', 12, 4, NULL),
	(3947214, 31, 211137, 229, 'Alpianor', '3088979054', 'L', 5, 5, 'SOAL BERHITUNG', 23, 5, 1, 1975335, 'SMA ISLAM UBUDIYAH MANTANGAI', 10, 5, NULL),
	(3935691, 31, 211137, 230, 'Alpianor', '3088979054', 'L', 36, 36, 'MENELITI', 24, 5, 1, 1975335, 'SMA ISLAM UBUDIYAH MANTANGAI', 59, 6, NULL),
	(3945118, 31, 211137, 231, 'Alpianor', '3088979054', 'L', 7, 7, 'MEMBENTUK BENDA', 25, 5, 1, 1975335, 'SMA ISLAM UBUDIYAH MANTANGAI', 12, 7, NULL),
	(3906543, 31, 211137, 232, 'Alpianor', '3088979054', 'L', 10, 10, 'EKSKLUSI KATA', 26, 5, 1, 1975335, 'SMA ISLAM UBUDIYAH MANTANGAI', 20, 8, NULL),
	(3909991, 31, 211137, 233, 'Alpianor', '3088979054', 'L', 0, 0, 'BAYANGAN CERMIN', 27, 5, 1, 1975335, 'SMA ISLAM UBUDIYAH MANTANGAI', 20, 9, NULL),
	(3886538, 31, 211137, 234, 'Alpianor', '3088979054', 'L', 14, 14, 'BERHITUNG HURUF', 28, 5, 1, 1975335, 'SMA ISLAM UBUDIYAH MANTANGAI', 30, 10, NULL),
	(3897761, 31, 211137, 235, 'Alpianor', '3088979054', 'L', 24, 24, 'MEMBANDINGKAN BENDA', 29, 5, 1, 1975335, 'SMA ISLAM UBUDIYAH MANTANGAI', 25, 11, NULL),
	(3940845, 31, 211137, 236, 'Alpianor', '3088979054', 'L', 17, 17, 'PEMBENTUKAN KATA', 30, 5, 1, 1975335, 'SMA ISLAM UBUDIYAH MANTANGAI', 56, 12, NULL),
	(3952754, 31, 211137, 252, 'Alpianor', '3088979054', 'L', 5, 4, 'REALISTIC', 36, 7, 1, 1975336, 'SMA ISLAM UBUDIYAH MANTANGAI', 7, 99, NULL),
	(3964009, 31, 211137, 240, 'Alpianor', '3088979054', 'L', 0, 5, 'Quesioner Test', 37, 6, 1, 1975338, 'SMA ISLAM UBUDIYAH MANTANGAI', 5, 99, NULL),
	(3952755, 31, 211137, 253, 'Alpianor', '3088979054', 'L', 4, 2, 'INVESTIGATIVE', 38, 7, 1, 1975336, 'SMA ISLAM UBUDIYAH MANTANGAI', 7, 99, NULL),
	(3952756, 31, 211137, 254, 'Alpianor', '3088979054', 'L', 4, 4, 'ARTISTIC', 39, 7, 1, 1975336, 'SMA ISLAM UBUDIYAH MANTANGAI', 7, 99, NULL),
	(3952757, 31, 211137, 255, 'Alpianor', '3088979054', 'L', 9, 6, 'SOCIAL', 40, 7, 1, 1975336, 'SMA ISLAM UBUDIYAH MANTANGAI', 7, 99, NULL),
	(3952758, 31, 211137, 256, 'Alpianor', '3088979054', 'L', 2, 2, 'ENTERPRISING', 41, 7, 1, 1975336, 'SMA ISLAM UBUDIYAH MANTANGAI', 7, 99, NULL),
	(3952759, 31, 211137, 257, 'Alpianor', '3088979054', 'L', 4, 4, 'CONVENTIONAL', 42, 7, 1, 1975336, 'SMA ISLAM UBUDIYAH MANTANGAI', 7, 99, NULL),
	(3952753, 31, 211137, 258, 'Alpianor', '3088979054', 'L', 5, 5, 'Pelajaran Khusus', 43, 7, 1, 1975336, 'SMA ISLAM UBUDIYAH MANTANGAI', 6, 99, NULL),
	(3952765, 31, 211137, 263, 'Alpianor', '3088979054', 'L', 2, 2, 'Verbal', 44, 4, 1, 1975337, 'SMA ISLAM UBUDIYAH MANTANGAI', 12, 99, NULL),
	(3960245, 31, 211137, 264, 'Alpianor', '3088979054', 'L', 3, 3, 'Kuantitatif', 45, 4, 1, 1975337, 'SMA ISLAM UBUDIYAH MANTANGAI', 17, 99, NULL),
	(3962018, 31, 211137, 265, 'Alpianor', '3088979054', 'L', 0, 0, 'Penalaran', 46, 4, 1, 1975337, 'SMA ISLAM UBUDIYAH MANTANGAI', 5, 99, NULL),
	(3963336, 31, 211137, 266, 'Alpianor', '3088979054', 'L', 5, NULL, 'Figural', 47, 4, 1, 1975337, 'SMA ISLAM UBUDIYAH MANTANGAI', NULL, 99, NULL),
	(3890971, 31, 211138, 225, 'Aspianor', '0084867232', 'L', 23, 23, 'BERHITUNG ANGKA', 19, 5, 1, 1975343, 'SMA ISLAM UBUDIYAH MANTANGAI', 25, 1, NULL),
	(3885936, 31, 211138, 226, 'Aspianor', '0084867232', 'L', 8, 8, 'GABUNGAN BAGIAN', 20, 5, 1, 1975343, 'SMA ISLAM UBUDIYAH MANTANGAI', 20, 2, NULL),
	(3900988, 31, 211138, 227, 'Aspianor', '0084867232', 'L', 6, 6, 'HUBUNGAN KATA', 21, 5, 1, 1975343, 'SMA ISLAM UBUDIYAH MANTANGAI', 20, 3, NULL),
	(3904857, 31, 211138, 228, 'Aspianor', '0084867232', 'L', 6, 6, 'EKSKLUSI GAMBAR', 22, 5, 1, 1975343, 'SMA ISLAM UBUDIYAH MANTANGAI', 12, 4, NULL),
	(3521862, 31, 211138, 229, 'Aspianor', '0084867232', 'L', 0, 0, 'SOAL BERHITUNG', 23, 5, 1, 1975343, 'SMA ISLAM UBUDIYAH MANTANGAI', 10, 5, NULL),
	(3917267, 31, 211138, 230, 'Aspianor', '0084867232', 'L', 49, 49, 'MENELITI', 24, 5, 1, 1975343, 'SMA ISLAM UBUDIYAH MANTANGAI', 50, 6, NULL),
	(3927154, 31, 211138, 231, 'Aspianor', '0084867232', 'L', 8, 8, 'MEMBENTUK BENDA', 25, 5, 1, 1975343, 'SMA ISLAM UBUDIYAH MANTANGAI', 12, 7, NULL),
	(3881355, 31, 211138, 232, 'Aspianor', '0084867232', 'L', 11, 11, 'EKSKLUSI KATA', 26, 5, 1, 1975343, 'SMA ISLAM UBUDIYAH MANTANGAI', 20, 8, NULL),
	(3930109, 31, 211138, 233, 'Aspianor', '0084867232', 'L', 0, 0, 'BAYANGAN CERMIN', 27, 5, 1, 1975343, 'SMA ISLAM UBUDIYAH MANTANGAI', 20, 9, NULL),
	(3907483, 31, 211138, 234, 'Aspianor', '0084867232', 'L', 21, 21, 'BERHITUNG HURUF', 28, 5, 1, 1975343, 'SMA ISLAM UBUDIYAH MANTANGAI', 30, 10, NULL),
	(3883445, 31, 211138, 235, 'Aspianor', '0084867232', 'L', 24, 24, 'MEMBANDINGKAN BENDA', 29, 5, 1, 1975343, 'SMA ISLAM UBUDIYAH MANTANGAI', 25, 11, NULL),
	(3921734, 31, 211138, 236, 'Aspianor', '0084867232', 'L', 30, 30, 'PEMBENTUKAN KATA', 30, 5, 1, 1975343, 'SMA ISLAM UBUDIYAH MANTANGAI', 42, 12, NULL),
	(3942211, 31, 211138, 252, 'Aspianor', '0084867232', 'L', 7, 4, 'REALISTIC', 36, 7, 1, 1975344, 'SMA ISLAM UBUDIYAH MANTANGAI', 7, 99, NULL),
	(3958436, 31, 211138, 240, 'Aspianor', '0084867232', 'L', 0, 5, 'Quesioner Test', 37, 6, 1, 1975346, 'SMA ISLAM UBUDIYAH MANTANGAI', 6, 99, NULL),
	(3942212, 31, 211138, 253, 'Aspianor', '0084867232', 'L', 4, 3, 'INVESTIGATIVE', 38, 7, 1, 1975344, 'SMA ISLAM UBUDIYAH MANTANGAI', 7, 99, NULL),
	(3942213, 31, 211138, 254, 'Aspianor', '0084867232', 'L', 4, 4, 'ARTISTIC', 39, 7, 1, 1975344, 'SMA ISLAM UBUDIYAH MANTANGAI', 7, 99, NULL),
	(3942214, 31, 211138, 255, 'Aspianor', '0084867232', 'L', 7, 5, 'SOCIAL', 40, 7, 1, 1975344, 'SMA ISLAM UBUDIYAH MANTANGAI', 7, 99, NULL),
	(3942215, 31, 211138, 256, 'Aspianor', '0084867232', 'L', 4, 4, 'ENTERPRISING', 41, 7, 1, 1975344, 'SMA ISLAM UBUDIYAH MANTANGAI', 7, 99, NULL),
	(3942216, 31, 211138, 257, 'Aspianor', '0084867232', 'L', 4, 4, 'CONVENTIONAL', 42, 7, 1, 1975344, 'SMA ISLAM UBUDIYAH MANTANGAI', 7, 99, NULL),
	(3942210, 31, 211138, 258, 'Aspianor', '0084867232', 'L', 5, 5, 'Pelajaran Khusus', 43, 7, 1, 1975344, 'SMA ISLAM UBUDIYAH MANTANGAI', 6, 99, NULL),
	(3950659, 31, 211138, 263, 'Aspianor', '0084867232', 'L', 4, NULL, 'Verbal', 44, 4, 1, 1975345, 'SMA ISLAM UBUDIYAH MANTANGAI', NULL, 99, NULL),
	(3952777, 31, 211138, 264, 'Aspianor', '0084867232', 'L', 2, 2, 'Kuantitatif', 45, 4, 1, 1975345, 'SMA ISLAM UBUDIYAH MANTANGAI', 18, 99, NULL),
	(3948551, 31, 211138, 265, 'Aspianor', '0084867232', 'L', 2, 2, 'Penalaran', 46, 4, 1, 1975345, 'SMA ISLAM UBUDIYAH MANTANGAI', 5, 99, NULL),
	(3942232, 31, 211138, 266, 'Aspianor', '0084867232', 'L', 8, 8, 'Figural', 47, 4, 1, 1975345, 'SMA ISLAM UBUDIYAH MANTANGAI', 21, 99, NULL),
	(3898701, 31, 211139, 225, 'Delly Marselina', '0087420239', 'P', 19, 19, 'BERHITUNG ANGKA', 19, 5, 1, 1975351, 'SMA ISLAM UBUDIYAH MANTANGAI', 26, 1, NULL),
	(3880819, 31, 211139, 226, 'Delly Marselina', '0087420239', 'P', 0, 0, 'GABUNGAN BAGIAN', 20, 5, 1, 1975351, 'SMA ISLAM UBUDIYAH MANTANGAI', 27, 2, NULL),
	(3889206, 31, 211139, 227, 'Delly Marselina', '0087420239', 'P', 6, 6, 'HUBUNGAN KATA', 21, 5, 1, 1975351, 'SMA ISLAM UBUDIYAH MANTANGAI', 30, 3, NULL),
	(3896377, 31, 211139, 228, 'Delly Marselina', '0087420239', 'P', 2, 2, 'EKSKLUSI GAMBAR', 22, 5, 1, 1975351, 'SMA ISLAM UBUDIYAH MANTANGAI', 12, 4, NULL),
	(3906634, 31, 211139, 229, 'Delly Marselina', '0087420239', 'P', 6, 6, 'SOAL BERHITUNG', 23, 5, 1, 1975351, 'SMA ISLAM UBUDIYAH MANTANGAI', 10, 5, NULL),
	(3892744, 31, 211139, 230, 'Delly Marselina', '0087420239', 'P', 41, 41, 'MENELITI', 24, 5, 1, 1975351, 'SMA ISLAM UBUDIYAH MANTANGAI', 57, 6, NULL),
	(3926443, 31, 211139, 231, 'Delly Marselina', '0087420239', 'P', 1, 1, 'MEMBENTUK BENDA', 25, 5, 1, 1975351, 'SMA ISLAM UBUDIYAH MANTANGAI', 12, 7, NULL),
	(3521494, 31, 211139, 232, 'Delly Marselina', '0087420239', 'P', 0, 0, 'EKSKLUSI KATA', 26, 5, 1, 1975351, 'SMA ISLAM UBUDIYAH MANTANGAI', 38, 8, NULL),
	(3918934, 31, 211139, 233, 'Delly Marselina', '0087420239', 'P', 1, 1, 'BAYANGAN CERMIN', 27, 5, 1, 1975351, 'SMA ISLAM UBUDIYAH MANTANGAI', 20, 9, NULL),
	(3929957, 31, 211139, 234, 'Delly Marselina', '0087420239', 'P', 21, 21, 'BERHITUNG HURUF', 28, 5, 1, 1975351, 'SMA ISLAM UBUDIYAH MANTANGAI', 30, 10, NULL),
	(3912180, 31, 211139, 235, 'Delly Marselina', '0087420239', 'P', 24, 24, 'MEMBANDINGKAN BENDA', 29, 5, 1, 1975351, 'SMA ISLAM UBUDIYAH MANTANGAI', 25, 11, NULL),
	(3886069, 31, 211139, 236, 'Delly Marselina', '0087420239', 'P', 24, 24, 'PEMBENTUKAN KATA', 30, 5, 1, 1975351, 'SMA ISLAM UBUDIYAH MANTANGAI', 54, 12, NULL),
	(3937112, 31, 211139, 252, 'Delly Marselina', '0087420239', 'P', 8, 6, 'REALISTIC', 36, 7, 1, 1975352, 'SMA ISLAM UBUDIYAH MANTANGAI', 7, 99, NULL),
	(3946948, 31, 211139, 240, 'Delly Marselina', '0087420239', 'P', 0, 5, 'Quesioner Test', 37, 6, 1, 1975354, 'SMA ISLAM UBUDIYAH MANTANGAI', 6, 99, NULL),
	(3937113, 31, 211139, 253, 'Delly Marselina', '0087420239', 'P', 6, 5, 'INVESTIGATIVE', 38, 7, 1, 1975352, 'SMA ISLAM UBUDIYAH MANTANGAI', 7, 99, NULL),
	(3937114, 31, 211139, 254, 'Delly Marselina', '0087420239', 'P', 5, 3, 'ARTISTIC', 39, 7, 1, 1975352, 'SMA ISLAM UBUDIYAH MANTANGAI', 7, 99, NULL),
	(3937115, 31, 211139, 255, 'Delly Marselina', '0087420239', 'P', 9, 6, 'SOCIAL', 40, 7, 1, 1975352, 'SMA ISLAM UBUDIYAH MANTANGAI', 7, 99, NULL),
	(3937116, 31, 211139, 256, 'Delly Marselina', '0087420239', 'P', 4, 3, 'ENTERPRISING', 41, 7, 1, 1975352, 'SMA ISLAM UBUDIYAH MANTANGAI', 7, 99, NULL),
	(3937117, 31, 211139, 257, 'Delly Marselina', '0087420239', 'P', 8, 5, 'CONVENTIONAL', 42, 7, 1, 1975352, 'SMA ISLAM UBUDIYAH MANTANGAI', 8, 99, NULL),
	(3937111, 31, 211139, 258, 'Delly Marselina', '0087420239', 'P', 12, 6, 'Pelajaran Khusus', 43, 7, 1, 1975352, 'SMA ISLAM UBUDIYAH MANTANGAI', 6, 99, NULL),
	(3938334, 31, 211139, 263, 'Delly Marselina', '0087420239', 'P', 4, 4, 'Verbal', 44, 4, 1, 1975353, 'SMA ISLAM UBUDIYAH MANTANGAI', 12, 99, NULL),
	(3937127, 31, 211139, 264, 'Delly Marselina', '0087420239', 'P', 4, 4, 'Kuantitatif', 45, 4, 1, 1975353, 'SMA ISLAM UBUDIYAH MANTANGAI', 17, 99, NULL),
	(3939892, 31, 211139, 265, 'Delly Marselina', '0087420239', 'P', 1, 1, 'Penalaran', 46, 4, 1, 1975353, 'SMA ISLAM UBUDIYAH MANTANGAI', 5, 99, NULL),
	(3941041, 31, 211139, 266, 'Delly Marselina', '0087420239', 'P', 8, 8, 'Figural', 47, 4, 1, 1975353, 'SMA ISLAM UBUDIYAH MANTANGAI', 21, 99, NULL),
	(3889424, 31, 211140, 225, 'Fiola', '00825052525', 'P', 22, 22, 'BERHITUNG ANGKA', 19, 5, 1, 1975359, 'SMA ISLAM UBUDIYAH MANTANGAI', 25, 1, NULL),
	(3905064, 31, 211140, 226, 'Fiola', '00825052525', 'P', 0, 0, 'GABUNGAN BAGIAN', 20, 5, 1, 1975359, 'SMA ISLAM UBUDIYAH MANTANGAI', 20, 2, NULL),
	(3902791, 31, 211140, 227, 'Fiola', '00825052525', 'P', 4, 4, 'HUBUNGAN KATA', 21, 5, 1, 1975359, 'SMA ISLAM UBUDIYAH MANTANGAI', 20, 3, NULL),
	(3899903, 31, 211140, 228, 'Fiola', '00825052525', 'P', 1, 1, 'EKSKLUSI GAMBAR', 22, 5, 1, 1975359, 'SMA ISLAM UBUDIYAH MANTANGAI', 12, 4, NULL),
	(3898915, 31, 211140, 229, 'Fiola', '00825052525', 'P', 2, 2, 'SOAL BERHITUNG', 23, 5, 1, 1975359, 'SMA ISLAM UBUDIYAH MANTANGAI', 10, 5, NULL),
	(3896174, 31, 211140, 230, 'Fiola', '00825052525', 'P', 47, 47, 'MENELITI', 24, 5, 1, 1975359, 'SMA ISLAM UBUDIYAH MANTANGAI', 50, 6, NULL),
	(3521391, 31, 211140, 231, 'Fiola', '00825052525', 'P', 1, 1, 'MEMBENTUK BENDA', 25, 5, 1, 1975359, 'SMA ISLAM UBUDIYAH MANTANGAI', 13, 7, NULL),
	(3900505, 31, 211140, 232, 'Fiola', '00825052525', 'P', 10, 10, 'EKSKLUSI KATA', 26, 5, 1, 1975359, 'SMA ISLAM UBUDIYAH MANTANGAI', 20, 8, NULL),
	(3886832, 31, 211140, 233, 'Fiola', '00825052525', 'P', 0, 0, 'BAYANGAN CERMIN', 27, 5, 1, 1975359, 'SMA ISLAM UBUDIYAH MANTANGAI', 21, 9, NULL),
	(3881307, 31, 211140, 234, 'Fiola', '00825052525', 'P', 20, 20, 'BERHITUNG HURUF', 28, 5, 1, 1975359, 'SMA ISLAM UBUDIYAH MANTANGAI', 37, 10, NULL),
	(3911606, 31, 211140, 235, 'Fiola', '00825052525', 'P', 18, 18, 'MEMBANDINGKAN BENDA', 29, 5, 1, 1975359, 'SMA ISLAM UBUDIYAH MANTANGAI', 26, 11, NULL),
	(3907800, 31, 211140, 236, 'Fiola', '00825052525', 'P', 27, 27, 'PEMBENTUKAN KATA', 30, 5, 1, 1975359, 'SMA ISLAM UBUDIYAH MANTANGAI', 40, 12, NULL),
	(3920575, 31, 211140, 252, 'Fiola', '00825052525', 'P', 5, 3, 'REALISTIC', 36, 7, 1, 1975360, 'SMA ISLAM UBUDIYAH MANTANGAI', 7, 99, NULL),
	(3927757, 31, 211140, 240, 'Fiola', '00825052525', 'P', 0, 5, 'Quesioner Test', 37, 6, 1, 1975362, 'SMA ISLAM UBUDIYAH MANTANGAI', 5, 99, NULL),
	(3920578, 31, 211140, 253, 'Fiola', '00825052525', 'P', 1, 1, 'INVESTIGATIVE', 38, 7, 1, 1975360, 'SMA ISLAM UBUDIYAH MANTANGAI', 7, 99, NULL),
	(3920580, 31, 211140, 254, 'Fiola', '00825052525', 'P', 2, 0, 'ARTISTIC', 39, 7, 1, 1975360, 'SMA ISLAM UBUDIYAH MANTANGAI', 7, 99, NULL),
	(3920581, 31, 211140, 255, 'Fiola', '00825052525', 'P', 7, 5, 'SOCIAL', 40, 7, 1, 1975360, 'SMA ISLAM UBUDIYAH MANTANGAI', 7, 99, NULL),
	(3920582, 31, 211140, 256, 'Fiola', '00825052525', 'P', 4, 3, 'ENTERPRISING', 41, 7, 1, 1975360, 'SMA ISLAM UBUDIYAH MANTANGAI', 7, 99, NULL),
	(3920583, 31, 211140, 257, 'Fiola', '00825052525', 'P', 3, 2, 'CONVENTIONAL', 42, 7, 1, 1975360, 'SMA ISLAM UBUDIYAH MANTANGAI', 7, 99, NULL),
	(3920572, 31, 211140, 258, 'Fiola', '00825052525', 'P', 8, 6, 'Pelajaran Khusus', 43, 7, 1, 1975360, 'SMA ISLAM UBUDIYAH MANTANGAI', 6, 99, NULL),
	(3921700, 31, 211140, 263, 'Fiola', '00825052525', 'P', 2, 2, 'Verbal', 44, 4, 1, 1975361, 'SMA ISLAM UBUDIYAH MANTANGAI', 13, 99, NULL),
	(3923124, 31, 211140, 264, 'Fiola', '00825052525', 'P', 2, 2, 'Kuantitatif', 45, 4, 1, 1975361, 'SMA ISLAM UBUDIYAH MANTANGAI', 17, 99, NULL),
	(3920590, 31, 211140, 265, 'Fiola', '00825052525', 'P', 0, 0, 'Penalaran', 46, 4, 1, 1975361, 'SMA ISLAM UBUDIYAH MANTANGAI', 5, 99, NULL),
	(3925439, 31, 211140, 266, 'Fiola', '00825052525', 'P', 5, 5, 'Figural', 47, 4, 1, 1975361, 'SMA ISLAM UBUDIYAH MANTANGAI', 21, 99, NULL),
	(3889079, 31, 211141, 225, 'Lestari', '3097259402', 'P', 14, 14, 'BERHITUNG ANGKA', 19, 5, 1, 1975367, 'SMA ISLAM UBUDIYAH MANTANGAI', 30, 1, NULL),
	(3913159, 31, 211141, 226, 'Lestari', '3097259402', 'P', 0, 0, 'GABUNGAN BAGIAN', 20, 5, 1, 1975367, 'SMA ISLAM UBUDIYAH MANTANGAI', 20, 2, NULL),
	(3935930, 31, 211141, 227, 'Lestari', '3097259402', 'P', 0, 0, 'HUBUNGAN KATA', 21, 5, 1, 1975367, 'SMA ISLAM UBUDIYAH MANTANGAI', 20, 3, NULL),
	(3939534, 31, 211141, 228, 'Lestari', '3097259402', 'P', 8, 8, 'EKSKLUSI GAMBAR', 22, 5, 1, 1975367, 'SMA ISLAM UBUDIYAH MANTANGAI', 12, 4, NULL),
	(3925875, 31, 211141, 229, 'Lestari', '3097259402', 'P', 5, 5, 'SOAL BERHITUNG', 23, 5, 1, 1975367, 'SMA ISLAM UBUDIYAH MANTANGAI', 10, 5, NULL),
	(3876793, 31, 211141, 230, 'Lestari', '3097259402', 'P', 31, 31, 'MENELITI', 24, 5, 1, 1975367, 'SMA ISLAM UBUDIYAH MANTANGAI', 68, 6, NULL),
	(3901579, 31, 211141, 231, 'Lestari', '3097259402', 'P', 6, 6, 'MEMBENTUK BENDA', 25, 5, 1, 1975367, 'SMA ISLAM UBUDIYAH MANTANGAI', 12, 7, NULL),
	(3932360, 31, 211141, 232, 'Lestari', '3097259402', 'P', 8, 8, 'EKSKLUSI KATA', 26, 5, 1, 1975367, 'SMA ISLAM UBUDIYAH MANTANGAI', 20, 8, NULL),
	(3883464, 31, 211141, 233, 'Lestari', '3097259402', 'P', 0, 0, 'BAYANGAN CERMIN', 27, 5, 1, 1975367, 'SMA ISLAM UBUDIYAH MANTANGAI', 20, 9, NULL),
	(3904054, 31, 211141, 234, 'Lestari', '3097259402', 'P', 23, 23, 'BERHITUNG HURUF', 28, 5, 1, 1975367, 'SMA ISLAM UBUDIYAH MANTANGAI', 32, 10, NULL),
	(3920479, 31, 211141, 235, 'Lestari', '3097259402', 'P', 23, 23, 'MEMBANDINGKAN BENDA', 29, 5, 1, 1975367, 'SMA ISLAM UBUDIYAH MANTANGAI', 25, 11, NULL),
	(3896477, 31, 211141, 236, 'Lestari', '3097259402', 'P', 25, 25, 'PEMBENTUKAN KATA', 30, 5, 1, 1975367, 'SMA ISLAM UBUDIYAH MANTANGAI', 53, 12, NULL),
	(3952938, 31, 211141, 252, 'Lestari', '3097259402', 'P', 7, 4, 'REALISTIC', 36, 7, 1, 1975368, 'SMA ISLAM UBUDIYAH MANTANGAI', 7, 99, NULL),
	(3962372, 31, 211141, 240, 'Lestari', '3097259402', 'P', 0, 5, 'Quesioner Test', 37, 6, 1, 1975370, 'SMA ISLAM UBUDIYAH MANTANGAI', 5, 99, NULL),
	(3952939, 31, 211141, 253, 'Lestari', '3097259402', 'P', 4, 2, 'INVESTIGATIVE', 38, 7, 1, 1975368, 'SMA ISLAM UBUDIYAH MANTANGAI', 7, 99, NULL),
	(3952940, 31, 211141, 254, 'Lestari', '3097259402', 'P', 4, 3, 'ARTISTIC', 39, 7, 1, 1975368, 'SMA ISLAM UBUDIYAH MANTANGAI', 7, 99, NULL),
	(3952941, 31, 211141, 255, 'Lestari', '3097259402', 'P', 9, 6, 'SOCIAL', 40, 7, 1, 1975368, 'SMA ISLAM UBUDIYAH MANTANGAI', 7, 99, NULL),
	(3952942, 31, 211141, 256, 'Lestari', '3097259402', 'P', 2, 2, 'ENTERPRISING', 41, 7, 1, 1975368, 'SMA ISLAM UBUDIYAH MANTANGAI', 7, 99, NULL),
	(3952943, 31, 211141, 257, 'Lestari', '3097259402', 'P', 8, 7, 'CONVENTIONAL', 42, 7, 1, 1975368, 'SMA ISLAM UBUDIYAH MANTANGAI', 7, 99, NULL),
	(3952937, 31, 211141, 258, 'Lestari', '3097259402', 'P', 9, 5, 'Pelajaran Khusus', 43, 7, 1, 1975368, 'SMA ISLAM UBUDIYAH MANTANGAI', 6, 99, NULL),
	(3961472, 31, 211141, 263, 'Lestari', '3097259402', 'P', 2, 2, 'Verbal', 44, 4, 1, 1975369, 'SMA ISLAM UBUDIYAH MANTANGAI', 12, 99, NULL),
	(3959227, 31, 211141, 264, 'Lestari', '3097259402', 'P', 5, 5, 'Kuantitatif', 45, 4, 1, 1975369, 'SMA ISLAM UBUDIYAH MANTANGAI', 17, 99, NULL),
	(3952944, 31, 211141, 265, 'Lestari', '3097259402', 'P', 2, 2, 'Penalaran', 46, 4, 1, 1975369, 'SMA ISLAM UBUDIYAH MANTANGAI', 5, 99, NULL),
	(3956783, 31, 211141, 266, 'Lestari', '3097259402', 'P', 6, 6, 'Figural', 47, 4, 1, 1975369, 'SMA ISLAM UBUDIYAH MANTANGAI', 21, 99, NULL),
	(3882390, 31, 211228, 225, 'Luna Maya', '0075745967', 'P', 16, 16, 'BERHITUNG ANGKA', 19, 5, 1, 1975375, 'SMA ISLAM UBUDIYAH MANTANGAI', 28, 1, NULL),
	(3906195, 31, 211228, 226, 'Luna Maya', '0075745967', 'P', 0, 0, 'GABUNGAN BAGIAN', 20, 5, 1, 1975375, 'SMA ISLAM UBUDIYAH MANTANGAI', 20, 2, NULL),
	(3891220, 31, 211228, 227, 'Luna Maya', '0075745967', 'P', 0, 0, 'HUBUNGAN KATA', 21, 5, 1, 1975375, 'SMA ISLAM UBUDIYAH MANTANGAI', 20, 3, NULL),
	(3903676, 31, 211228, 228, 'Luna Maya', '0075745967', 'P', 7, 7, 'EKSKLUSI GAMBAR', 22, 5, 1, 1975375, 'SMA ISLAM UBUDIYAH MANTANGAI', 12, 4, NULL),
	(3901101, 31, 211228, 229, 'Luna Maya', '0075745967', 'P', 3, 3, 'SOAL BERHITUNG', 23, 5, 1, 1975375, 'SMA ISLAM UBUDIYAH MANTANGAI', 10, 5, NULL),
	(3887960, 31, 211228, 230, 'Luna Maya', '0075745967', 'P', 49, 49, 'MENELITI', 24, 5, 1, 1975375, 'SMA ISLAM UBUDIYAH MANTANGAI', 50, 6, NULL),
	(3910701, 31, 211228, 231, 'Luna Maya', '0075745967', 'P', 2, 2, 'MEMBENTUK BENDA', 25, 5, 1, 1975375, 'SMA ISLAM UBUDIYAH MANTANGAI', 13, 7, NULL),
	(3521346, 31, 211228, 232, 'Luna Maya', '0075745967', 'P', 2, 2, 'EKSKLUSI KATA', 26, 5, 1, 1975375, 'SMA ISLAM UBUDIYAH MANTANGAI', 27, 8, NULL),
	(3896840, 31, 211228, 233, 'Luna Maya', '0075745967', 'P', 3, 3, 'BAYANGAN CERMIN', 27, 5, 1, 1975375, 'SMA ISLAM UBUDIYAH MANTANGAI', 20, 9, NULL),
	(3912153, 31, 211228, 234, 'Luna Maya', '0075745967', 'P', 25, 25, 'BERHITUNG HURUF', 28, 5, 1, 1975375, 'SMA ISLAM UBUDIYAH MANTANGAI', 34, 10, NULL),
	(3921920, 31, 211228, 235, 'Luna Maya', '0075745967', 'P', 22, 22, 'MEMBANDINGKAN BENDA', 29, 5, 1, 1975375, 'SMA ISLAM UBUDIYAH MANTANGAI', 25, 11, NULL),
	(3893721, 31, 211228, 236, 'Luna Maya', '0075745967', 'P', 33, 33, 'PEMBENTUKAN KATA', 30, 5, 1, 1975375, 'SMA ISLAM UBUDIYAH MANTANGAI', 41, 12, NULL),
	(3932419, 31, 211228, 252, 'Luna Maya', '0075745967', 'P', 3, 3, 'REALISTIC', 36, 7, 1, 1975376, 'SMA ISLAM UBUDIYAH MANTANGAI', 7, 99, NULL),
	(3943096, 31, 211228, 240, 'Luna Maya', '0075745967', 'P', 0, 5, 'Quesioner Test', 37, 6, 1, 1975378, 'SMA ISLAM UBUDIYAH MANTANGAI', 5, 99, NULL),
	(3932420, 31, 211228, 253, 'Luna Maya', '0075745967', 'P', 4, 4, 'INVESTIGATIVE', 38, 7, 1, 1975376, 'SMA ISLAM UBUDIYAH MANTANGAI', 7, 99, NULL),
	(3932421, 31, 211228, 254, 'Luna Maya', '0075745967', 'P', 6, 3, 'ARTISTIC', 39, 7, 1, 1975376, 'SMA ISLAM UBUDIYAH MANTANGAI', 7, 99, NULL),
	(3932422, 31, 211228, 255, 'Luna Maya', '0075745967', 'P', 8, 6, 'SOCIAL', 40, 7, 1, 1975376, 'SMA ISLAM UBUDIYAH MANTANGAI', 7, 99, NULL),
	(3932423, 31, 211228, 256, 'Luna Maya', '0075745967', 'P', 3, 2, 'ENTERPRISING', 41, 7, 1, 1975376, 'SMA ISLAM UBUDIYAH MANTANGAI', 7, 99, NULL),
	(3932424, 31, 211228, 257, 'Luna Maya', '0075745967', 'P', 4, 4, 'CONVENTIONAL', 42, 7, 1, 1975376, 'SMA ISLAM UBUDIYAH MANTANGAI', 7, 99, NULL),
	(3932418, 31, 211228, 258, 'Luna Maya', '0075745967', 'P', 6, 6, 'Pelajaran Khusus', 43, 7, 1, 1975376, 'SMA ISLAM UBUDIYAH MANTANGAI', 6, 99, NULL),
	(3932431, 31, 211228, 263, 'Luna Maya', '0075745967', 'P', 4, 4, 'Verbal', 44, 4, 1, 1975377, 'SMA ISLAM UBUDIYAH MANTANGAI', 12, 99, NULL),
	(3936844, 31, 211228, 264, 'Luna Maya', '0075745967', 'P', 2, 2, 'Kuantitatif', 45, 4, 1, 1975377, 'SMA ISLAM UBUDIYAH MANTANGAI', 17, 99, NULL),
	(3934398, 31, 211228, 265, 'Luna Maya', '0075745967', 'P', 0, 0, 'Penalaran', 46, 4, 1, 1975377, 'SMA ISLAM UBUDIYAH MANTANGAI', 5, 99, NULL),
	(3938229, 31, 211228, 266, 'Luna Maya', '0075745967', 'P', 7, 7, 'Figural', 47, 4, 1, 1975377, 'SMA ISLAM UBUDIYAH MANTANGAI', 21, 99, NULL),
	(3886061, 31, 211229, 225, 'M.Arifin Ilham', '0059052491', 'L', 22, 22, 'BERHITUNG ANGKA', 19, 5, 1, 1975383, 'SMA ISLAM UBUDIYAH MANTANGAI', 28, 1, NULL),
	(3521735, 31, 211229, 226, 'M.Arifin Ilham', '0059052491', 'L', 0, 0, 'GABUNGAN BAGIAN', 20, 5, 1, 1975383, 'SMA ISLAM UBUDIYAH MANTANGAI', 35, 2, NULL),
	(3950178, 31, 211229, 227, 'M.Arifin Ilham', '0059052491', 'L', 6, 6, 'HUBUNGAN KATA', 21, 5, 1, 1975383, 'SMA ISLAM UBUDIYAH MANTANGAI', 21, 3, NULL),
	(3916773, 31, 211229, 228, 'M.Arifin Ilham', '0059052491', 'L', 4, 4, 'EKSKLUSI GAMBAR', 22, 5, 1, 1975383, 'SMA ISLAM UBUDIYAH MANTANGAI', 13, 4, NULL),
	(3921794, 31, 211229, 229, 'M.Arifin Ilham', '0059052491', 'L', 3, 3, 'SOAL BERHITUNG', 23, 5, 1, 1975383, 'SMA ISLAM UBUDIYAH MANTANGAI', 12, 5, NULL),
	(3903179, 31, 211229, 230, 'M.Arifin Ilham', '0059052491', 'L', 30, 30, 'MENELITI', 24, 5, 1, 1975383, 'SMA ISLAM UBUDIYAH MANTANGAI', 64, 6, NULL),
	(3899055, 31, 211229, 231, 'M.Arifin Ilham', '0059052491', 'L', 5, 5, 'MEMBENTUK BENDA', 25, 5, 1, 1975383, 'SMA ISLAM UBUDIYAH MANTANGAI', 16, 7, NULL),
	(3883240, 31, 211229, 232, 'M.Arifin Ilham', '0059052491', 'L', 4, 4, 'EKSKLUSI KATA', 26, 5, 1, 1975383, 'SMA ISLAM UBUDIYAH MANTANGAI', 35, 8, NULL),
	(3907539, 31, 211229, 233, 'M.Arifin Ilham', '0059052491', 'L', 0, 0, 'BAYANGAN CERMIN', 27, 5, 1, 1975383, 'SMA ISLAM UBUDIYAH MANTANGAI', 26, 9, NULL),
	(3940341, 31, 211229, 234, 'M.Arifin Ilham', '0059052491', 'L', 19, 19, 'BERHITUNG HURUF', 28, 5, 1, 1975383, 'SMA ISLAM UBUDIYAH MANTANGAI', 41, 10, NULL),
	(3934370, 31, 211229, 235, 'M.Arifin Ilham', '0059052491', 'L', 25, 25, 'MEMBANDINGKAN BENDA', 29, 5, 1, 1975383, 'SMA ISLAM UBUDIYAH MANTANGAI', 25, 11, NULL),
	(3953716, 31, 211229, 236, 'M.Arifin Ilham', '0059052491', 'L', 13, 13, 'PEMBENTUKAN KATA', 30, 5, 1, 1975383, 'SMA ISLAM UBUDIYAH MANTANGAI', 54, 12, NULL),
	(3959340, 31, 211229, 252, 'M.Arifin Ilham', '0059052491', 'L', 8, 5, 'REALISTIC', 36, 7, 1, 1975384, 'SMA ISLAM UBUDIYAH MANTANGAI', 7, 99, NULL),
	(3963409, 31, 211229, 240, 'M.Arifin Ilham', '0059052491', 'L', 0, 5, 'Quesioner Test', 37, 6, 1, 1975386, 'SMA ISLAM UBUDIYAH MANTANGAI', 5, 99, NULL),
	(3959341, 31, 211229, 253, 'M.Arifin Ilham', '0059052491', 'L', 10, 7, 'INVESTIGATIVE', 38, 7, 1, 1975384, 'SMA ISLAM UBUDIYAH MANTANGAI', 7, 99, NULL),
	(3959343, 31, 211229, 254, 'M.Arifin Ilham', '0059052491', 'L', 6, 5, 'ARTISTIC', 39, 7, 1, 1975384, 'SMA ISLAM UBUDIYAH MANTANGAI', 7, 99, NULL),
	(3959344, 31, 211229, 255, 'M.Arifin Ilham', '0059052491', 'L', 11, 7, 'SOCIAL', 40, 7, 1, 1975384, 'SMA ISLAM UBUDIYAH MANTANGAI', 7, 99, NULL),
	(3959345, 31, 211229, 256, 'M.Arifin Ilham', '0059052491', 'L', 6, 5, 'ENTERPRISING', 41, 7, 1, 1975384, 'SMA ISLAM UBUDIYAH MANTANGAI', 7, 99, NULL),
	(3959346, 31, 211229, 257, 'M.Arifin Ilham', '0059052491', 'L', 10, 7, 'CONVENTIONAL', 42, 7, 1, 1975384, 'SMA ISLAM UBUDIYAH MANTANGAI', 7, 99, NULL),
	(3959339, 31, 211229, 258, 'M.Arifin Ilham', '0059052491', 'L', 13, 5, 'Pelajaran Khusus', 43, 7, 1, 1975384, 'SMA ISLAM UBUDIYAH MANTANGAI', 6, 99, NULL),
	(3961911, 31, 211229, 263, 'M.Arifin Ilham', '0059052491', 'L', 3, 3, 'Verbal', 44, 4, 1, 1975385, 'SMA ISLAM UBUDIYAH MANTANGAI', 12, 99, NULL),
	(3962680, 31, 211229, 264, 'M.Arifin Ilham', '0059052491', 'L', 2, 2, 'Kuantitatif', 45, 4, 1, 1975385, 'SMA ISLAM UBUDIYAH MANTANGAI', 17, 99, NULL),
	(3961425, 31, 211229, 265, 'M.Arifin Ilham', '0059052491', 'L', 0, 0, 'Penalaran', 46, 4, 1, 1975385, 'SMA ISLAM UBUDIYAH MANTANGAI', 5, 99, NULL),
	(3959347, 31, 211229, 266, 'M.Arifin Ilham', '0059052491', 'L', 7, 7, 'Figural', 47, 4, 1, 1975385, 'SMA ISLAM UBUDIYAH MANTANGAI', 21, 99, NULL),
	(3919328, 31, 211230, 225, 'M.Panki Erisman', '0084112788', 'L', 10, 10, 'BERHITUNG ANGKA', 19, 5, 1, 1975391, 'SMA ISLAM UBUDIYAH MANTANGAI', 25, 1, NULL),
	(3522273, 31, 211230, 226, 'M.Panki Erisman', '0084112788', 'L', 0, 0, 'GABUNGAN BAGIAN', 20, 5, 1, 1975391, 'SMA ISLAM UBUDIYAH MANTANGAI', 33, 2, NULL),
	(3915843, 31, 211230, 227, 'M.Panki Erisman', '0084112788', 'L', 9, 9, 'HUBUNGAN KATA', 21, 5, 1, 1975391, 'SMA ISLAM UBUDIYAH MANTANGAI', 20, 3, NULL),
	(3892086, 31, 211230, 228, 'M.Panki Erisman', '0084112788', 'L', 4, 4, 'EKSKLUSI GAMBAR', 22, 5, 1, 1975391, 'SMA ISLAM UBUDIYAH MANTANGAI', 19, 4, NULL),
	(3883497, 31, 211230, 229, 'M.Panki Erisman', '0084112788', 'L', 4, 4, 'SOAL BERHITUNG', 23, 5, 1, 1975391, 'SMA ISLAM UBUDIYAH MANTANGAI', 10, 5, NULL),
	(3899649, 31, 211230, 230, 'M.Panki Erisman', '0084112788', 'L', 19, 19, 'MENELITI', 24, 5, 1, 1975391, 'SMA ISLAM UBUDIYAH MANTANGAI', 67, 6, NULL),
	(3895655, 31, 211230, 231, 'M.Panki Erisman', '0084112788', 'L', 9, 9, 'MEMBENTUK BENDA', 25, 5, 1, 1975391, 'SMA ISLAM UBUDIYAH MANTANGAI', 13, 7, NULL),
	(3903821, 31, 211230, 232, 'M.Panki Erisman', '0084112788', 'L', 5, 5, 'EKSKLUSI KATA', 26, 5, 1, 1975391, 'SMA ISLAM UBUDIYAH MANTANGAI', 31, 8, NULL),
	(3913009, 31, 211230, 233, 'M.Panki Erisman', '0084112788', 'L', 0, 0, 'BAYANGAN CERMIN', 27, 5, 1, 1975391, 'SMA ISLAM UBUDIYAH MANTANGAI', 20, 9, NULL),
	(3922176, 31, 211230, 234, 'M.Panki Erisman', '0084112788', 'L', 14, 14, 'BERHITUNG HURUF', 28, 5, 1, 1975391, 'SMA ISLAM UBUDIYAH MANTANGAI', 36, 10, NULL),
	(3885769, 31, 211230, 235, 'M.Panki Erisman', '0084112788', 'L', 24, 24, 'MEMBANDINGKAN BENDA', 29, 5, 1, 1975391, 'SMA ISLAM UBUDIYAH MANTANGAI', 25, 11, NULL),
	(3908452, 31, 211230, 236, 'M.Panki Erisman', '0084112788', 'L', 15, 15, 'PEMBENTUKAN KATA', 30, 5, 1, 1975391, 'SMA ISLAM UBUDIYAH MANTANGAI', 60, 12, NULL),
	(3930376, 31, 211230, 252, 'M.Panki Erisman', '0084112788', 'L', 6, 3, 'REALISTIC', 36, 7, 1, 1975392, 'SMA ISLAM UBUDIYAH MANTANGAI', 7, 99, NULL),
	(3936712, 31, 211230, 240, 'M.Panki Erisman', '0084112788', 'L', 0, 5, 'Quesioner Test', 37, 6, 1, 1975394, 'SMA ISLAM UBUDIYAH MANTANGAI', 5, 99, NULL),
	(3930377, 31, 211230, 253, 'M.Panki Erisman', '0084112788', 'L', 4, 2, 'INVESTIGATIVE', 38, 7, 1, 1975392, 'SMA ISLAM UBUDIYAH MANTANGAI', 7, 99, NULL),
	(3930378, 31, 211230, 254, 'M.Panki Erisman', '0084112788', 'L', 2, 2, 'ARTISTIC', 39, 7, 1, 1975392, 'SMA ISLAM UBUDIYAH MANTANGAI', 7, 99, NULL),
	(3930379, 31, 211230, 255, 'M.Panki Erisman', '0084112788', 'L', 6, 4, 'SOCIAL', 40, 7, 1, 1975392, 'SMA ISLAM UBUDIYAH MANTANGAI', 7, 99, NULL),
	(3930380, 31, 211230, 256, 'M.Panki Erisman', '0084112788', 'L', 3, 2, 'ENTERPRISING', 41, 7, 1, 1975392, 'SMA ISLAM UBUDIYAH MANTANGAI', 7, 99, NULL),
	(3930382, 31, 211230, 257, 'M.Panki Erisman', '0084112788', 'L', 6, 5, 'CONVENTIONAL', 42, 7, 1, 1975392, 'SMA ISLAM UBUDIYAH MANTANGAI', 7, 99, NULL),
	(3930375, 31, 211230, 258, 'M.Panki Erisman', '0084112788', 'L', 8, 5, 'Pelajaran Khusus', 43, 7, 1, 1975392, 'SMA ISLAM UBUDIYAH MANTANGAI', 6, 99, NULL),
	(3931116, 31, 211230, 263, 'M.Panki Erisman', '0084112788', 'L', 2, 2, 'Verbal', 44, 4, 1, 1975393, 'SMA ISLAM UBUDIYAH MANTANGAI', 12, 99, NULL),
	(3935716, 31, 211230, 264, 'M.Panki Erisman', '0084112788', 'L', 4, 4, 'Kuantitatif', 45, 4, 1, 1975393, 'SMA ISLAM UBUDIYAH MANTANGAI', 17, 99, NULL),
	(3930395, 31, 211230, 265, 'M.Panki Erisman', '0084112788', 'L', 0, 0, 'Penalaran', 46, 4, 1, 1975393, 'SMA ISLAM UBUDIYAH MANTANGAI', 5, 99, NULL),
	(3932858, 31, 211230, 266, 'M.Panki Erisman', '0084112788', 'L', 5, 5, 'Figural', 47, 4, 1, 1975393, 'SMA ISLAM UBUDIYAH MANTANGAI', 21, 99, NULL),
	(3885847, 31, 211231, 225, 'Muhamad Rengki', '0085305124', 'L', 11, 11, 'BERHITUNG ANGKA', 19, 5, 1, 1975399, 'SMA ISLAM UBUDIYAH MANTANGAI', 25, 1, NULL),
	(3880086, 31, 211231, 226, 'Muhamad Rengki', '0085305124', 'L', 0, 0, 'GABUNGAN BAGIAN', 20, 5, 1, 1975399, 'SMA ISLAM UBUDIYAH MANTANGAI', 20, 2, NULL),
	(3893394, 31, 211231, 227, 'Muhamad Rengki', '0085305124', 'L', 0, 0, 'HUBUNGAN KATA', 21, 5, 1, 1975399, 'SMA ISLAM UBUDIYAH MANTANGAI', 20, 3, NULL),
	(3894357, 31, 211231, 228, 'Muhamad Rengki', '0085305124', 'L', 2, 2, 'EKSKLUSI GAMBAR', 22, 5, 1, 1975399, 'SMA ISLAM UBUDIYAH MANTANGAI', 12, 4, NULL),
	(3902286, 31, 211231, 229, 'Muhamad Rengki', '0085305124', 'L', 4, 4, 'SOAL BERHITUNG', 23, 5, 1, 1975399, 'SMA ISLAM UBUDIYAH MANTANGAI', 10, 5, NULL),
	(3895220, 31, 211231, 230, 'Muhamad Rengki', '0085305124', 'L', 41, 41, 'MENELITI', 24, 5, 1, 1975399, 'SMA ISLAM UBUDIYAH MANTANGAI', 51, 6, NULL),
	(3897913, 31, 211231, 231, 'Muhamad Rengki', '0085305124', 'L', 3, 3, 'MEMBENTUK BENDA', 25, 5, 1, 1975399, 'SMA ISLAM UBUDIYAH MANTANGAI', 12, 7, NULL),
	(3884500, 31, 211231, 232, 'Muhamad Rengki', '0085305124', 'L', 5, 5, 'EKSKLUSI KATA', 26, 5, 1, 1975399, 'SMA ISLAM UBUDIYAH MANTANGAI', 20, 8, NULL),
	(3877839, 31, 211231, 233, 'Muhamad Rengki', '0085305124', 'L', 0, 0, 'BAYANGAN CERMIN', 27, 5, 1, 1975399, 'SMA ISLAM UBUDIYAH MANTANGAI', 20, 9, NULL),
	(3893724, 31, 211231, 234, 'Muhamad Rengki', '0085305124', 'L', 14, 14, 'BERHITUNG HURUF', 28, 5, 1, 1975399, 'SMA ISLAM UBUDIYAH MANTANGAI', 31, 10, NULL),
	(3881229, 31, 211231, 235, 'Muhamad Rengki', '0085305124', 'L', 22, 22, 'MEMBANDINGKAN BENDA', 29, 5, 1, 1975399, 'SMA ISLAM UBUDIYAH MANTANGAI', 25, 11, NULL),
	(3898345, 31, 211231, 236, 'Muhamad Rengki', '0085305124', 'L', 16, 16, 'PEMBENTUKAN KATA', 30, 5, 1, 1975399, 'SMA ISLAM UBUDIYAH MANTANGAI', 40, 12, NULL),
	(3907338, 31, 211231, 252, 'Muhamad Rengki', '0085305124', 'L', 5, 4, 'REALISTIC', 36, 7, 1, 1975400, 'SMA ISLAM UBUDIYAH MANTANGAI', 7, 99, NULL),
	(3912724, 31, 211231, 240, 'Muhamad Rengki', '0085305124', 'L', 0, 5, 'Quesioner Test', 37, 6, 1, 1975402, 'SMA ISLAM UBUDIYAH MANTANGAI', 5, 99, NULL),
	(3907339, 31, 211231, 253, 'Muhamad Rengki', '0085305124', 'L', 1, 1, 'INVESTIGATIVE', 38, 7, 1, 1975400, 'SMA ISLAM UBUDIYAH MANTANGAI', 7, 99, NULL),
	(3907340, 31, 211231, 254, 'Muhamad Rengki', '0085305124', 'L', 6, 5, 'ARTISTIC', 39, 7, 1, 1975400, 'SMA ISLAM UBUDIYAH MANTANGAI', 7, 99, NULL),
	(3907341, 31, 211231, 255, 'Muhamad Rengki', '0085305124', 'L', 4, 3, 'SOCIAL', 40, 7, 1, 1975400, 'SMA ISLAM UBUDIYAH MANTANGAI', 7, 99, NULL),
	(3907342, 31, 211231, 256, 'Muhamad Rengki', '0085305124', 'L', 6, 4, 'ENTERPRISING', 41, 7, 1, 1975400, 'SMA ISLAM UBUDIYAH MANTANGAI', 7, 99, NULL),
	(3907343, 31, 211231, 257, 'Muhamad Rengki', '0085305124', 'L', 4, 3, 'CONVENTIONAL', 42, 7, 1, 1975400, 'SMA ISLAM UBUDIYAH MANTANGAI', 7, 99, NULL),
	(3907337, 31, 211231, 258, 'Muhamad Rengki', '0085305124', 'L', 5, 5, 'Pelajaran Khusus', 43, 7, 1, 1975400, 'SMA ISLAM UBUDIYAH MANTANGAI', 6, 99, NULL),
	(3911008, 31, 211231, 263, 'Muhamad Rengki', '0085305124', 'L', 2, 2, 'Verbal', 44, 4, 1, 1975401, 'SMA ISLAM UBUDIYAH MANTANGAI', 12, 99, NULL),
	(3912035, 31, 211231, 264, 'Muhamad Rengki', '0085305124', 'L', 2, 2, 'Kuantitatif', 45, 4, 1, 1975401, 'SMA ISLAM UBUDIYAH MANTANGAI', 17, 99, NULL),
	(3907352, 31, 211231, 265, 'Muhamad Rengki', '0085305124', 'L', 1, 1, 'Penalaran', 46, 4, 1, 1975401, 'SMA ISLAM UBUDIYAH MANTANGAI', 5, 99, NULL),
	(3909068, 31, 211231, 266, 'Muhamad Rengki', '0085305124', 'L', 3, 3, 'Figural', 47, 4, 1, 1975401, 'SMA ISLAM UBUDIYAH MANTANGAI', 21, 99, NULL),
	(3891249, 31, 211232, 225, 'Muhammad Rizal Fatoni', '0078019829', 'L', 8, 8, 'BERHITUNG ANGKA', 19, 5, 1, 1975407, 'SMA ISLAM UBUDIYAH MANTANGAI', 30, 1, NULL),
	(3882684, 31, 211232, 226, 'Muhammad Rizal Fatoni', '0078019829', 'L', 0, 0, 'GABUNGAN BAGIAN', 20, 5, 1, 1975407, 'SMA ISLAM UBUDIYAH MANTANGAI', 20, 2, NULL),
	(3886143, 31, 211232, 227, 'Muhammad Rizal Fatoni', '0078019829', 'L', 0, 0, 'HUBUNGAN KATA', 21, 5, 1, 1975407, 'SMA ISLAM UBUDIYAH MANTANGAI', 20, 3, NULL),
	(3522081, 31, 211232, 228, 'Muhammad Rizal Fatoni', '0078019829', 'L', 4, 4, 'EKSKLUSI GAMBAR', 22, 5, 1, 1975407, 'SMA ISLAM UBUDIYAH MANTANGAI', 12, 4, NULL),
	(3892957, 31, 211232, 229, 'Muhammad Rizal Fatoni', '0078019829', 'L', 3, 3, 'SOAL BERHITUNG', 23, 5, 1, 1975407, 'SMA ISLAM UBUDIYAH MANTANGAI', 12, 5, NULL),
	(3879324, 31, 211232, 230, 'Muhammad Rizal Fatoni', '0078019829', 'L', 38, 38, 'MENELITI', 24, 5, 1, 1975407, 'SMA ISLAM UBUDIYAH MANTANGAI', 50, 6, NULL),
	(3885642, 31, 211232, 231, 'Muhammad Rizal Fatoni', '0078019829', 'L', 3, 3, 'MEMBENTUK BENDA', 25, 5, 1, 1975407, 'SMA ISLAM UBUDIYAH MANTANGAI', 12, 7, NULL),
	(3895750, 31, 211232, 232, 'Muhammad Rizal Fatoni', '0078019829', 'L', 2, 2, 'EKSKLUSI KATA', 26, 5, 1, 1975407, 'SMA ISLAM UBUDIYAH MANTANGAI', 20, 8, NULL),
	(3890045, 31, 211232, 233, 'Muhammad Rizal Fatoni', '0078019829', 'L', 0, 0, 'BAYANGAN CERMIN', 27, 5, 1, 1975407, 'SMA ISLAM UBUDIYAH MANTANGAI', 21, 9, NULL),
	(3884669, 31, 211232, 234, 'Muhammad Rizal Fatoni', '0078019829', 'L', 9, 9, 'BERHITUNG HURUF', 28, 5, 1, 1975407, 'SMA ISLAM UBUDIYAH MANTANGAI', 30, 10, NULL),
	(3886827, 31, 211232, 235, 'Muhammad Rizal Fatoni', '0078019829', 'L', 18, 18, 'MEMBANDINGKAN BENDA', 29, 5, 1, 1975407, 'SMA ISLAM UBUDIYAH MANTANGAI', 26, 11, NULL),
	(3893868, 31, 211232, 236, 'Muhammad Rizal Fatoni', '0078019829', 'L', 19, 19, 'PEMBENTUKAN KATA', 30, 5, 1, 1975407, 'SMA ISLAM UBUDIYAH MANTANGAI', 40, 12, NULL),
	(3918261, 31, 211232, 252, 'Muhammad Rizal Fatoni', '0078019829', 'L', 3, 3, 'REALISTIC', 36, 7, 1, 1975408, 'SMA ISLAM UBUDIYAH MANTANGAI', 7, 99, NULL),
	(3922864, 31, 211232, 240, 'Muhammad Rizal Fatoni', '0078019829', 'L', 0, 5, 'Quesioner Test', 37, 6, 1, 1975410, 'SMA ISLAM UBUDIYAH MANTANGAI', 5, 99, NULL),
	(3918262, 31, 211232, 253, 'Muhammad Rizal Fatoni', '0078019829', 'L', 5, 3, 'INVESTIGATIVE', 38, 7, 1, 1975408, 'SMA ISLAM UBUDIYAH MANTANGAI', 7, 99, NULL),
	(3918263, 31, 211232, 254, 'Muhammad Rizal Fatoni', '0078019829', 'L', 2, 2, 'ARTISTIC', 39, 7, 1, 1975408, 'SMA ISLAM UBUDIYAH MANTANGAI', 7, 99, NULL),
	(3918264, 31, 211232, 255, 'Muhammad Rizal Fatoni', '0078019829', 'L', 10, 7, 'SOCIAL', 40, 7, 1, 1975408, 'SMA ISLAM UBUDIYAH MANTANGAI', 7, 99, NULL),
	(3918265, 31, 211232, 256, 'Muhammad Rizal Fatoni', '0078019829', 'L', 2, 2, 'ENTERPRISING', 41, 7, 1, 1975408, 'SMA ISLAM UBUDIYAH MANTANGAI', 7, 99, NULL),
	(3918267, 31, 211232, 257, 'Muhammad Rizal Fatoni', '0078019829', 'L', 6, 3, 'CONVENTIONAL', 42, 7, 1, 1975408, 'SMA ISLAM UBUDIYAH MANTANGAI', 7, 99, NULL),
	(3918260, 31, 211232, 258, 'Muhammad Rizal Fatoni', '0078019829', 'L', 7, 5, 'Pelajaran Khusus', 43, 7, 1, 1975408, 'SMA ISLAM UBUDIYAH MANTANGAI', 6, 99, NULL),
	(3918834, 31, 211232, 263, 'Muhammad Rizal Fatoni', '0078019829', 'L', 3, 3, 'Verbal', 44, 4, 1, 1975409, 'SMA ISLAM UBUDIYAH MANTANGAI', 12, 99, NULL),
	(3922205, 31, 211232, 264, 'Muhammad Rizal Fatoni', '0078019829', 'L', 3, 3, 'Kuantitatif', 45, 4, 1, 1975409, 'SMA ISLAM UBUDIYAH MANTANGAI', 17, 99, NULL),
	(3918276, 31, 211232, 265, 'Muhammad Rizal Fatoni', '0078019829', 'L', 2, 2, 'Penalaran', 46, 4, 1, 1975409, 'SMA ISLAM UBUDIYAH MANTANGAI', 6, 99, NULL),
	(3919977, 31, 211232, 266, 'Muhammad Rizal Fatoni', '0078019829', 'L', 2, 2, 'Figural', 47, 4, 1, 1975409, 'SMA ISLAM UBUDIYAH MANTANGAI', 21, 99, NULL),
	(3911336, 31, 211233, 225, 'Muhammad Sanusi', '0094494403', 'L', 24, 24, 'BERHITUNG ANGKA', 19, 5, 1, 1975415, 'SMA ISLAM UBUDIYAH MANTANGAI', 25, 1, NULL),
	(3926223, 31, 211233, 226, 'Muhammad Sanusi', '0094494403', 'L', 0, 0, 'GABUNGAN BAGIAN', 20, 5, 1, 1975415, 'SMA ISLAM UBUDIYAH MANTANGAI', 20, 2, NULL),
	(3905991, 31, 211233, 227, 'Muhammad Sanusi', '0094494403', 'L', 0, 0, 'HUBUNGAN KATA', 21, 5, 1, 1975415, 'SMA ISLAM UBUDIYAH MANTANGAI', 26, 3, NULL),
	(3927642, 31, 211233, 228, 'Muhammad Sanusi', '0094494403', 'L', 3, 3, 'EKSKLUSI GAMBAR', 22, 5, 1, 1975415, 'SMA ISLAM UBUDIYAH MANTANGAI', 12, 4, NULL),
	(3928959, 31, 211233, 229, 'Muhammad Sanusi', '0094494403', 'L', 2, 2, 'SOAL BERHITUNG', 23, 5, 1, 1975415, 'SMA ISLAM UBUDIYAH MANTANGAI', 10, 5, NULL),
	(3884592, 31, 211233, 230, 'Muhammad Sanusi', '0094494403', 'L', 47, 47, 'MENELITI', 24, 5, 1, 1975415, 'SMA ISLAM UBUDIYAH MANTANGAI', 51, 6, NULL),
	(3919335, 31, 211233, 231, 'Muhammad Sanusi', '0094494403', 'L', 5, 5, 'MEMBENTUK BENDA', 25, 5, 1, 1975415, 'SMA ISLAM UBUDIYAH MANTANGAI', 12, 7, NULL),
	(3921411, 31, 211233, 232, 'Muhammad Sanusi', '0094494403', 'L', 13, 13, 'EKSKLUSI KATA', 26, 5, 1, 1975415, 'SMA ISLAM UBUDIYAH MANTANGAI', 20, 8, NULL),
	(3892033, 31, 211233, 233, 'Muhammad Sanusi', '0094494403', 'L', 1, 1, 'BAYANGAN CERMIN', 27, 5, 1, 1975415, 'SMA ISLAM UBUDIYAH MANTANGAI', 20, 9, NULL),
	(3899647, 31, 211233, 234, 'Muhammad Sanusi', '0094494403', 'L', 15, 15, 'BERHITUNG HURUF', 28, 5, 1, 1975415, 'SMA ISLAM UBUDIYAH MANTANGAI', 39, 10, NULL),
	(3877562, 31, 211233, 235, 'Muhammad Sanusi', '0094494403', 'L', 4, 4, 'MEMBANDINGKAN BENDA', 29, 5, 1, 1975415, 'SMA ISLAM UBUDIYAH MANTANGAI', 31, 11, NULL),
	(3888569, 31, 211233, 236, 'Muhammad Sanusi', '0094494403', 'L', 33, NULL, 'PEMBENTUKAN KATA', 30, 5, 1, 1975415, 'SMA ISLAM UBUDIYAH MANTANGAI', NULL, 12, NULL),
	(3937875, 31, 211233, 252, 'Muhammad Sanusi', '0094494403', 'L', 4, 1, 'REALISTIC', 36, 7, 1, 1975416, 'SMA ISLAM UBUDIYAH MANTANGAI', 7, 99, NULL),
	(3948448, 31, 211233, 240, 'Muhammad Sanusi', '0094494403', 'L', 0, 5, 'Quesioner Test', 37, 6, 1, 1975418, 'SMA ISLAM UBUDIYAH MANTANGAI', 5, 99, NULL),
	(3937877, 31, 211233, 253, 'Muhammad Sanusi', '0094494403', 'L', 6, 3, 'INVESTIGATIVE', 38, 7, 1, 1975416, 'SMA ISLAM UBUDIYAH MANTANGAI', 7, 99, NULL),
	(3937878, 31, 211233, 254, 'Muhammad Sanusi', '0094494403', 'L', 2, 2, 'ARTISTIC', 39, 7, 1, 1975416, 'SMA ISLAM UBUDIYAH MANTANGAI', 7, 99, NULL),
	(3937879, 31, 211233, 255, 'Muhammad Sanusi', '0094494403', 'L', 10, 7, 'SOCIAL', 40, 7, 1, 1975416, 'SMA ISLAM UBUDIYAH MANTANGAI', 7, 99, NULL),
	(3937880, 31, 211233, 256, 'Muhammad Sanusi', '0094494403', 'L', 6, 5, 'ENTERPRISING', 41, 7, 1, 1975416, 'SMA ISLAM UBUDIYAH MANTANGAI', 7, 99, NULL),
	(3937881, 31, 211233, 257, 'Muhammad Sanusi', '0094494403', 'L', 7, 4, 'CONVENTIONAL', 42, 7, 1, 1975416, 'SMA ISLAM UBUDIYAH MANTANGAI', 7, 99, NULL),
	(3937874, 31, 211233, 258, 'Muhammad Sanusi', '0094494403', 'L', 8, 4, 'Pelajaran Khusus', 43, 7, 1, 1975416, 'SMA ISLAM UBUDIYAH MANTANGAI', 6, 99, NULL),
	(3938122, 31, 211233, 263, 'Muhammad Sanusi', '0094494403', 'L', 5, 5, 'Verbal', 44, 4, 1, 1975417, 'SMA ISLAM UBUDIYAH MANTANGAI', 12, 99, NULL),
	(3941232, 31, 211233, 264, 'Muhammad Sanusi', '0094494403', 'L', 3, NULL, 'Kuantitatif', 45, 4, 1, 1975417, 'SMA ISLAM UBUDIYAH MANTANGAI', NULL, 99, NULL),
	(3945817, 31, 211233, 265, 'Muhammad Sanusi', '0094494403', 'L', 2, 2, 'Penalaran', 46, 4, 1, 1975417, 'SMA ISLAM UBUDIYAH MANTANGAI', 5, 99, NULL),
	(3947334, 31, 211233, 266, 'Muhammad Sanusi', '0094494403', 'L', 6, 6, 'Figural', 47, 4, 1, 1975417, 'SMA ISLAM UBUDIYAH MANTANGAI', 21, 99, NULL),
	(3892346, 31, 211255, 225, 'Noni', '0085692202', 'P', 7, 7, 'BERHITUNG ANGKA', 19, 5, 1, 1975423, 'SMA ISLAM UBUDIYAH MANTANGAI', 25, 1, NULL),
	(3905712, 31, 211255, 226, 'Noni', '0085692202', 'P', 0, 0, 'GABUNGAN BAGIAN', 20, 5, 1, 1975423, 'SMA ISLAM UBUDIYAH MANTANGAI', 20, 2, NULL),
	(3883133, 31, 211255, 227, 'Noni', '0085692202', 'P', 0, 0, 'HUBUNGAN KATA', 21, 5, 1, 1975423, 'SMA ISLAM UBUDIYAH MANTANGAI', 20, 3, NULL),
	(3880556, 31, 211255, 228, 'Noni', '0085692202', 'P', 5, 5, 'EKSKLUSI GAMBAR', 22, 5, 1, 1975423, 'SMA ISLAM UBUDIYAH MANTANGAI', 18, 4, NULL),
	(3889567, 31, 211255, 229, 'Noni', '0085692202', 'P', 1, 1, 'SOAL BERHITUNG', 23, 5, 1, 1975423, 'SMA ISLAM UBUDIYAH MANTANGAI', 10, 5, NULL),
	(3878005, 31, 211255, 230, 'Noni', '0085692202', 'P', 3, 3, 'MENELITI', 24, 5, 1, 1975423, 'SMA ISLAM UBUDIYAH MANTANGAI', 97, 6, NULL),
	(3898229, 31, 211255, 231, 'Noni', '0085692202', 'P', 7, 7, 'MEMBENTUK BENDA', 25, 5, 1, 1975423, 'SMA ISLAM UBUDIYAH MANTANGAI', 12, 7, NULL),
	(3900028, 31, 211255, 232, 'Noni', '0085692202', 'P', 0, 0, 'EKSKLUSI KATA', 26, 5, 1, 1975423, 'SMA ISLAM UBUDIYAH MANTANGAI', 20, 8, NULL),
	(3914970, 31, 211255, 233, 'Noni', '0085692202', 'P', 0, 0, 'BAYANGAN CERMIN', 27, 5, 1, 1975423, 'SMA ISLAM UBUDIYAH MANTANGAI', 20, 9, NULL),
	(3908357, 31, 211255, 234, 'Noni', '0085692202', 'P', 22, 22, 'BERHITUNG HURUF', 28, 5, 1, 1975423, 'SMA ISLAM UBUDIYAH MANTANGAI', 30, 10, NULL),
	(3885600, 31, 211255, 235, 'Noni', '0085692202', 'P', 23, 23, 'MEMBANDINGKAN BENDA', 29, 5, 1, 1975423, 'SMA ISLAM UBUDIYAH MANTANGAI', 25, 11, NULL),
	(3901168, 31, 211255, 236, 'Noni', '0085692202', 'P', 14, 14, 'PEMBENTUKAN KATA', 30, 5, 1, 1975423, 'SMA ISLAM UBUDIYAH MANTANGAI', 49, 12, NULL),
	(3923473, 31, 211255, 252, 'Noni', '0085692202', 'P', 8, 6, 'REALISTIC', 36, 7, 1, 1975424, 'SMA ISLAM UBUDIYAH MANTANGAI', 7, 99, NULL),
	(3938635, 31, 211255, 240, 'Noni', '0085692202', 'P', 0, 5, 'Quesioner Test', 37, 6, 1, 1975426, 'SMA ISLAM UBUDIYAH MANTANGAI', 5, 99, NULL),
	(3923474, 31, 211255, 253, 'Noni', '0085692202', 'P', 7, 4, 'INVESTIGATIVE', 38, 7, 1, 1975424, 'SMA ISLAM UBUDIYAH MANTANGAI', 7, 99, NULL),
	(3923475, 31, 211255, 254, 'Noni', '0085692202', 'P', 6, 3, 'ARTISTIC', 39, 7, 1, 1975424, 'SMA ISLAM UBUDIYAH MANTANGAI', 7, 99, NULL),
	(3923476, 31, 211255, 255, 'Noni', '0085692202', 'P', 8, 7, 'SOCIAL', 40, 7, 1, 1975424, 'SMA ISLAM UBUDIYAH MANTANGAI', 7, 99, NULL),
	(3923477, 31, 211255, 256, 'Noni', '0085692202', 'P', 8, 6, 'ENTERPRISING', 41, 7, 1, 1975424, 'SMA ISLAM UBUDIYAH MANTANGAI', 7, 99, NULL),
	(3923478, 31, 211255, 257, 'Noni', '0085692202', 'P', 6, 5, 'CONVENTIONAL', 42, 7, 1, 1975424, 'SMA ISLAM UBUDIYAH MANTANGAI', 7, 99, NULL),
	(3923471, 31, 211255, 258, 'Noni', '0085692202', 'P', 12, 6, 'Pelajaran Khusus', 43, 7, 1, 1975424, 'SMA ISLAM UBUDIYAH MANTANGAI', 6, 99, NULL),
	(3923491, 31, 211255, 263, 'Noni', '0085692202', 'P', 0, 0, 'Verbal', 44, 4, 1, 1975425, 'SMA ISLAM UBUDIYAH MANTANGAI', 12, 99, NULL),
	(3935854, 31, 211255, 264, 'Noni', '0085692202', 'P', 2, 2, 'Kuantitatif', 45, 4, 1, 1975425, 'SMA ISLAM UBUDIYAH MANTANGAI', 17, 99, NULL),
	(3932869, 31, 211255, 265, 'Noni', '0085692202', 'P', 2, 2, 'Penalaran', 46, 4, 1, 1975425, 'SMA ISLAM UBUDIYAH MANTANGAI', 5, 99, NULL),
	(3927860, 31, 211255, 266, 'Noni', '0085692202', 'P', 3, NULL, 'Figural', 47, 4, 1, 1975425, 'SMA ISLAM UBUDIYAH MANTANGAI', NULL, 99, NULL),
	(3951548, 31, 211307, 225, 'Nor Fitriyani', '0081726779', 'P', 23, 23, 'BERHITUNG ANGKA', 19, 5, 1, 1975431, 'SMA ISLAM UBUDIYAH MANTANGAI', 25, 1, NULL),
	(3919094, 31, 211307, 226, 'Nor Fitriyani', '0081726779', 'P', 8, 8, 'GABUNGAN BAGIAN', 20, 5, 1, 1975431, 'SMA ISLAM UBUDIYAH MANTANGAI', 20, 2, NULL),
	(3939122, 31, 211307, 227, 'Nor Fitriyani', '0081726779', 'P', 5, 5, 'HUBUNGAN KATA', 21, 5, 1, 1975431, 'SMA ISLAM UBUDIYAH MANTANGAI', 21, 3, NULL),
	(3936119, 31, 211307, 228, 'Nor Fitriyani', '0081726779', 'P', 7, 7, 'EKSKLUSI GAMBAR', 22, 5, 1, 1975431, 'SMA ISLAM UBUDIYAH MANTANGAI', 12, 4, NULL),
	(3911482, 31, 211307, 229, 'Nor Fitriyani', '0081726779', 'P', 4, 4, 'SOAL BERHITUNG', 23, 5, 1, 1975431, 'SMA ISLAM UBUDIYAH MANTANGAI', 10, 5, NULL),
	(3888560, 31, 211307, 230, 'Nor Fitriyani', '0081726779', 'P', 49, 49, 'MENELITI', 24, 5, 1, 1975431, 'SMA ISLAM UBUDIYAH MANTANGAI', 50, 6, NULL),
	(3884661, 31, 211307, 231, 'Nor Fitriyani', '0081726779', 'P', 8, 8, 'MEMBENTUK BENDA', 25, 5, 1, 1975431, 'SMA ISLAM UBUDIYAH MANTANGAI', 12, 7, NULL),
	(3902437, 31, 211307, 232, 'Nor Fitriyani', '0081726779', 'P', 12, 12, 'EKSKLUSI KATA', 26, 5, 1, 1975431, 'SMA ISLAM UBUDIYAH MANTANGAI', 20, 8, NULL),
	(3931371, 31, 211307, 233, 'Nor Fitriyani', '0081726779', 'P', 0, 0, 'BAYANGAN CERMIN', 27, 5, 1, 1975431, 'SMA ISLAM UBUDIYAH MANTANGAI', 20, 9, NULL),
	(3945348, 31, 211307, 234, 'Nor Fitriyani', '0081726779', 'P', 30, 30, 'BERHITUNG HURUF', 28, 5, 1, 1975431, 'SMA ISLAM UBUDIYAH MANTANGAI', 30, 10, NULL),
	(3521402, 31, 211307, 235, 'Nor Fitriyani', '0081726779', 'P', 25, 25, 'MEMBANDINGKAN BENDA', 29, 5, 1, 1975431, 'SMA ISLAM UBUDIYAH MANTANGAI', 25, 11, NULL),
	(3957365, 31, 211307, 236, 'Nor Fitriyani', '0081726779', 'P', 26, 26, 'PEMBENTUKAN KATA', 30, 5, 1, 1975431, 'SMA ISLAM UBUDIYAH MANTANGAI', 48, 12, NULL),
	(3964706, 31, 211307, 252, 'Nor Fitriyani', '0081726779', 'P', 4, 3, 'REALISTIC', 36, 7, 1, 1975432, 'SMA ISLAM UBUDIYAH MANTANGAI', 7, 99, NULL),
	(3969130, 31, 211307, 240, 'Nor Fitriyani', '0081726779', 'P', 0, 5, 'Quesioner Test', 37, 6, 1, 1975434, 'SMA ISLAM UBUDIYAH MANTANGAI', 5, 99, NULL),
	(3964707, 31, 211307, 253, 'Nor Fitriyani', '0081726779', 'P', 9, 5, 'INVESTIGATIVE', 38, 7, 1, 1975432, 'SMA ISLAM UBUDIYAH MANTANGAI', 7, 99, NULL),
	(3964708, 31, 211307, 254, 'Nor Fitriyani', '0081726779', 'P', 5, 3, 'ARTISTIC', 39, 7, 1, 1975432, 'SMA ISLAM UBUDIYAH MANTANGAI', 7, 99, NULL),
	(3964709, 31, 211307, 255, 'Nor Fitriyani', '0081726779', 'P', 9, 7, 'SOCIAL', 40, 7, 1, 1975432, 'SMA ISLAM UBUDIYAH MANTANGAI', 7, 99, NULL),
	(3964710, 31, 211307, 256, 'Nor Fitriyani', '0081726779', 'P', 6, 5, 'ENTERPRISING', 41, 7, 1, 1975432, 'SMA ISLAM UBUDIYAH MANTANGAI', 7, 99, NULL),
	(3964711, 31, 211307, 257, 'Nor Fitriyani', '0081726779', 'P', 9, 6, 'CONVENTIONAL', 42, 7, 1, 1975432, 'SMA ISLAM UBUDIYAH MANTANGAI', 7, 99, NULL),
	(3964705, 31, 211307, 258, 'Nor Fitriyani', '0081726779', 'P', 11, 5, 'Pelajaran Khusus', 43, 7, 1, 1975432, 'SMA ISLAM UBUDIYAH MANTANGAI', 6, 99, NULL),
	(3964713, 31, 211307, 263, 'Nor Fitriyani', '0081726779', 'P', 4, 4, 'Verbal', 44, 4, 1, 1975433, 'SMA ISLAM UBUDIYAH MANTANGAI', 12, 99, NULL),
	(3967098, 31, 211307, 264, 'Nor Fitriyani', '0081726779', 'P', 2, 2, 'Kuantitatif', 45, 4, 1, 1975433, 'SMA ISLAM UBUDIYAH MANTANGAI', 17, 99, NULL),
	(3968745, 31, 211307, 265, 'Nor Fitriyani', '0081726779', 'P', 2, 2, 'Penalaran', 46, 4, 1, 1975433, 'SMA ISLAM UBUDIYAH MANTANGAI', 5, 99, NULL),
	(3965938, 31, 211307, 266, 'Nor Fitriyani', '0081726779', 'P', 5, 5, 'Figural', 47, 4, 1, 1975433, 'SMA ISLAM UBUDIYAH MANTANGAI', 21, 99, NULL),
	(3958502, 31, 211308, 225, 'Noraini', '3083779436', 'P', 23, 23, 'BERHITUNG ANGKA', 19, 5, 1, 1975439, 'SMA ISLAM UBUDIYAH MANTANGAI', 25, 1, NULL),
	(3965261, 31, 211308, 226, 'Noraini', '3083779436', 'P', 0, 0, 'GABUNGAN BAGIAN', 20, 5, 1, 1975439, 'SMA ISLAM UBUDIYAH MANTANGAI', 20, 2, NULL),
	(3940470, 31, 211308, 227, 'Noraini', '3083779436', 'P', 4, 4, 'HUBUNGAN KATA', 21, 5, 1, 1975439, 'SMA ISLAM UBUDIYAH MANTANGAI', 22, 3, NULL),
	(3931491, 31, 211308, 228, 'Noraini', '3083779436', 'P', 5, 5, 'EKSKLUSI GAMBAR', 22, 5, 1, 1975439, 'SMA ISLAM UBUDIYAH MANTANGAI', 12, 4, NULL),
	(3902417, 31, 211308, 229, 'Noraini', '3083779436', 'P', 1, 1, 'SOAL BERHITUNG', 23, 5, 1, 1975439, 'SMA ISLAM UBUDIYAH MANTANGAI', 14, 5, NULL),
	(3888601, 31, 211308, 230, 'Noraini', '3083779436', 'P', 47, 47, 'MENELITI', 24, 5, 1, 1975439, 'SMA ISLAM UBUDIYAH MANTANGAI', 52, 6, NULL),
	(3945575, 31, 211308, 231, 'Noraini', '3083779436', 'P', 2, 2, 'MEMBENTUK BENDA', 25, 5, 1, 1975439, 'SMA ISLAM UBUDIYAH MANTANGAI', 12, 7, NULL),
	(3884697, 31, 211308, 232, 'Noraini', '3083779436', 'P', 10, 10, 'EKSKLUSI KATA', 26, 5, 1, 1975439, 'SMA ISLAM UBUDIYAH MANTANGAI', 28, 8, NULL),
	(3877309, 31, 211308, 233, 'Noraini', '3083779436', 'P', 0, 0, 'BAYANGAN CERMIN', 27, 5, 1, 1975439, 'SMA ISLAM UBUDIYAH MANTANGAI', 20, 9, NULL),
	(3916879, 31, 211308, 234, 'Noraini', '3083779436', 'P', 20, 20, 'BERHITUNG HURUF', 28, 5, 1, 1975439, 'SMA ISLAM UBUDIYAH MANTANGAI', 37, 10, NULL),
	(3948015, 31, 211308, 235, 'Noraini', '3083779436', 'P', 24, 24, 'MEMBANDINGKAN BENDA', 29, 5, 1, 1975439, 'SMA ISLAM UBUDIYAH MANTANGAI', 25, 11, NULL),
	(3963430, 31, 211308, 236, 'Noraini', '3083779436', 'P', 25, 25, 'PEMBENTUKAN KATA', 30, 5, 1, 1975439, 'SMA ISLAM UBUDIYAH MANTANGAI', 52, 12, NULL),
	(3968590, 31, 211308, 252, 'Noraini', '3083779436', 'P', 4, 4, 'REALISTIC', 36, 7, 1, 1975440, 'SMA ISLAM UBUDIYAH MANTANGAI', 7, 99, NULL),
	(3969568, 31, 211308, 240, 'Noraini', '3083779436', 'P', 0, 5, 'Quesioner Test', 37, 6, 1, 1975442, 'SMA ISLAM UBUDIYAH MANTANGAI', 5, 99, NULL),
	(3968591, 31, 211308, 253, 'Noraini', '3083779436', 'P', 3, 1, 'INVESTIGATIVE', 38, 7, 1, 1975440, 'SMA ISLAM UBUDIYAH MANTANGAI', 7, 99, NULL),
	(3968592, 31, 211308, 254, 'Noraini', '3083779436', 'P', 5, 2, 'ARTISTIC', 39, 7, 1, 1975440, 'SMA ISLAM UBUDIYAH MANTANGAI', 7, 99, NULL),
	(3968593, 31, 211308, 255, 'Noraini', '3083779436', 'P', 7, 7, 'SOCIAL', 40, 7, 1, 1975440, 'SMA ISLAM UBUDIYAH MANTANGAI', 7, 99, NULL),
	(3968594, 31, 211308, 256, 'Noraini', '3083779436', 'P', 1, 1, 'ENTERPRISING', 41, 7, 1, 1975440, 'SMA ISLAM UBUDIYAH MANTANGAI', 7, 99, NULL),
	(3968595, 31, 211308, 257, 'Noraini', '3083779436', 'P', 5, 4, 'CONVENTIONAL', 42, 7, 1, 1975440, 'SMA ISLAM UBUDIYAH MANTANGAI', 7, 99, NULL),
	(3968589, 31, 211308, 258, 'Noraini', '3083779436', 'P', 5, 5, 'Pelajaran Khusus', 43, 7, 1, 1975440, 'SMA ISLAM UBUDIYAH MANTANGAI', 6, 99, NULL),
	(3969305, 31, 211308, 263, 'Noraini', '3083779436', 'P', 2, 2, 'Verbal', 44, 4, 1, 1975441, 'SMA ISLAM UBUDIYAH MANTANGAI', 12, 99, NULL),
	(3968604, 31, 211308, 264, 'Noraini', '3083779436', 'P', 4, 4, 'Kuantitatif', 45, 4, 1, 1975441, 'SMA ISLAM UBUDIYAH MANTANGAI', 17, 99, NULL),
	(3969529, 31, 211308, 265, 'Noraini', '3083779436', 'P', 1, 1, 'Penalaran', 46, 4, 1, 1975441, 'SMA ISLAM UBUDIYAH MANTANGAI', 5, 99, NULL),
	(3968835, 31, 211308, 266, 'Noraini', '3083779436', 'P', 6, 6, 'Figural', 47, 4, 1, 1975441, 'SMA ISLAM UBUDIYAH MANTANGAI', 21, 99, NULL),
	(3920993, 31, 211309, 225, 'Norman', '0073754988', 'L', 9, 9, 'BERHITUNG ANGKA', 19, 5, 1, 1975447, 'SMA ISLAM UBUDIYAH MANTANGAI', 25, 1, NULL),
	(3910294, 31, 211309, 226, 'Norman', '0073754988', 'L', 0, 0, 'GABUNGAN BAGIAN', 20, 5, 1, 1975447, 'SMA ISLAM UBUDIYAH MANTANGAI', 20, 2, NULL),
	(3915275, 31, 211309, 227, 'Norman', '0073754988', 'L', 3, 3, 'HUBUNGAN KATA', 21, 5, 1, 1975447, 'SMA ISLAM UBUDIYAH MANTANGAI', 20, 3, NULL),
	(3887774, 31, 211309, 228, 'Norman', '0073754988', 'L', 2, 2, 'EKSKLUSI GAMBAR', 22, 5, 1, 1975447, 'SMA ISLAM UBUDIYAH MANTANGAI', 12, 4, NULL),
	(3919604, 31, 211309, 229, 'Norman', '0073754988', 'L', 2, 2, 'SOAL BERHITUNG', 23, 5, 1, 1975447, 'SMA ISLAM UBUDIYAH MANTANGAI', 10, 5, NULL),
	(3900450, 31, 211309, 230, 'Norman', '0073754988', 'L', 45, 45, 'MENELITI', 24, 5, 1, 1975447, 'SMA ISLAM UBUDIYAH MANTANGAI', 54, 6, NULL),
	(3925722, 31, 211309, 231, 'Norman', '0073754988', 'L', 1, 1, 'MEMBENTUK BENDA', 25, 5, 1, 1975447, 'SMA ISLAM UBUDIYAH MANTANGAI', 12, 7, NULL),
	(3893012, 31, 211309, 232, 'Norman', '0073754988', 'L', 8, 8, 'EKSKLUSI KATA', 26, 5, 1, 1975447, 'SMA ISLAM UBUDIYAH MANTANGAI', 20, 8, NULL),
	(3918218, 31, 211309, 233, 'Norman', '0073754988', 'L', 0, 0, 'BAYANGAN CERMIN', 27, 5, 1, 1975447, 'SMA ISLAM UBUDIYAH MANTANGAI', 20, 9, NULL),
	(3881004, 31, 211309, 234, 'Norman', '0073754988', 'L', 24, 24, 'BERHITUNG HURUF', 28, 5, 1, 1975447, 'SMA ISLAM UBUDIYAH MANTANGAI', 32, 10, NULL),
	(3521305, 31, 211309, 235, 'Norman', '0073754988', 'L', 22, 22, 'MEMBANDINGKAN BENDA', 29, 5, 1, 1975447, 'SMA ISLAM UBUDIYAH MANTANGAI', 25, 11, NULL),
	(3888772, 31, 211309, 236, 'Norman', '0073754988', 'L', 30, 30, 'PEMBENTUKAN KATA', 30, 5, 1, 1975447, 'SMA ISLAM UBUDIYAH MANTANGAI', 43, 12, NULL),
	(3933015, 31, 211309, 252, 'Norman', '0073754988', 'L', 4, 3, 'REALISTIC', 36, 7, 1, 1975448, 'SMA ISLAM UBUDIYAH MANTANGAI', 7, 99, NULL),
	(3945957, 31, 211309, 240, 'Norman', '0073754988', 'L', 0, 5, 'Quesioner Test', 37, 6, 1, 1975450, 'SMA ISLAM UBUDIYAH MANTANGAI', 6, 99, NULL),
	(3933016, 31, 211309, 253, 'Norman', '0073754988', 'L', 4, 3, 'INVESTIGATIVE', 38, 7, 1, 1975448, 'SMA ISLAM UBUDIYAH MANTANGAI', 7, 99, NULL),
	(3933018, 31, 211309, 254, 'Norman', '0073754988', 'L', 3, 2, 'ARTISTIC', 39, 7, 1, 1975448, 'SMA ISLAM UBUDIYAH MANTANGAI', 7, 99, NULL),
	(3933019, 31, 211309, 255, 'Norman', '0073754988', 'L', 7, 4, 'SOCIAL', 40, 7, 1, 1975448, 'SMA ISLAM UBUDIYAH MANTANGAI', 7, 99, NULL),
	(3933020, 31, 211309, 256, 'Norman', '0073754988', 'L', 4, 3, 'ENTERPRISING', 41, 7, 1, 1975448, 'SMA ISLAM UBUDIYAH MANTANGAI', 7, 99, NULL),
	(3933021, 31, 211309, 257, 'Norman', '0073754988', 'L', 8, 6, 'CONVENTIONAL', 42, 7, 1, 1975448, 'SMA ISLAM UBUDIYAH MANTANGAI', 7, 99, NULL),
	(3933014, 31, 211309, 258, 'Norman', '0073754988', 'L', 8, 5, 'Pelajaran Khusus', 43, 7, 1, 1975448, 'SMA ISLAM UBUDIYAH MANTANGAI', 6, 99, NULL),
	(3939663, 31, 211309, 263, 'Norman', '0073754988', 'L', 1, NULL, 'Verbal', 44, 4, 1, 1975449, 'SMA ISLAM UBUDIYAH MANTANGAI', NULL, 99, NULL),
	(3942852, 31, 211309, 264, 'Norman', '0073754988', 'L', 1, 1, 'Kuantitatif', 45, 4, 1, 1975449, 'SMA ISLAM UBUDIYAH MANTANGAI', 17, 99, NULL),
	(3933029, 31, 211309, 265, 'Norman', '0073754988', 'L', 2, 2, 'Penalaran', 46, 4, 1, 1975449, 'SMA ISLAM UBUDIYAH MANTANGAI', 5, 99, NULL),
	(3934131, 31, 211309, 266, 'Norman', '0073754988', 'L', 6, 6, 'Figural', 47, 4, 1, 1975449, 'SMA ISLAM UBUDIYAH MANTANGAI', 21, 99, NULL),
	(3521308, 31, 211557, 225, 'Nuraini A', '3071512187', 'P', 7, 7, 'BERHITUNG ANGKA', 19, 5, 1, 1975455, 'SMA ISLAM UBUDIYAH MANTANGAI', 43, 1, NULL),
	(3899188, 31, 211557, 226, 'Nuraini A', '3071512187', 'P', 0, 0, 'GABUNGAN BAGIAN', 20, 5, 1, 1975455, 'SMA ISLAM UBUDIYAH MANTANGAI', 20, 2, NULL),
	(3922108, 31, 211557, 227, 'Nuraini A', '3071512187', 'P', 0, 0, 'HUBUNGAN KATA', 21, 5, 1, 1975455, 'SMA ISLAM UBUDIYAH MANTANGAI', 20, 3, NULL),
	(3915573, 31, 211557, 228, 'Nuraini A', '3071512187', 'P', 2, 2, 'EKSKLUSI GAMBAR', 22, 5, 1, 1975455, 'SMA ISLAM UBUDIYAH MANTANGAI', 12, 4, NULL),
	(3906048, 31, 211557, 229, 'Nuraini A', '3071512187', 'P', 7, NULL, 'SOAL BERHITUNG', 23, 5, 1, 1975455, 'SMA ISLAM UBUDIYAH MANTANGAI', NULL, 5, NULL),
	(3917147, 31, 211557, 230, 'Nuraini A', '3071512187', 'P', 31, 31, 'MENELITI', 24, 5, 1, 1975455, 'SMA ISLAM UBUDIYAH MANTANGAI', 68, 6, NULL),
	(3883776, 31, 211557, 231, 'Nuraini A', '3071512187', 'P', 3, 3, 'MEMBENTUK BENDA', 25, 5, 1, 1975455, 'SMA ISLAM UBUDIYAH MANTANGAI', 14, 7, NULL),
	(3894431, 31, 211557, 232, 'Nuraini A', '3071512187', 'P', 4, 4, 'EKSKLUSI KATA', 26, 5, 1, 1975455, 'SMA ISLAM UBUDIYAH MANTANGAI', 20, 8, NULL),
	(3912184, 31, 211557, 233, 'Nuraini A', '3071512187', 'P', 0, 0, 'BAYANGAN CERMIN', 27, 5, 1, 1975455, 'SMA ISLAM UBUDIYAH MANTANGAI', 20, 9, NULL),
	(3896901, 31, 211557, 234, 'Nuraini A', '3071512187', 'P', 17, 17, 'BERHITUNG HURUF', 28, 5, 1, 1975455, 'SMA ISLAM UBUDIYAH MANTANGAI', 30, 10, NULL),
	(3886605, 31, 211557, 235, 'Nuraini A', '3071512187', 'P', 23, 23, 'MEMBANDINGKAN BENDA', 29, 5, 1, 1975455, 'SMA ISLAM UBUDIYAH MANTANGAI', 25, 11, NULL),
	(3890956, 31, 211557, 236, 'Nuraini A', '3071512187', 'P', 3, 3, 'PEMBENTUKAN KATA', 30, 5, 1, 1975455, 'SMA ISLAM UBUDIYAH MANTANGAI', 70, 12, NULL),
	(3931780, 31, 211557, 252, 'Nuraini A', '3071512187', 'P', 3, 3, 'REALISTIC', 36, 7, 1, 1975456, 'SMA ISLAM UBUDIYAH MANTANGAI', 7, 99, NULL),
	(3944150, 31, 211557, 240, 'Nuraini A', '3071512187', 'P', 0, 5, 'Quesioner Test', 37, 6, 1, 1975458, 'SMA ISLAM UBUDIYAH MANTANGAI', 7, 99, NULL),
	(3931781, 31, 211557, 253, 'Nuraini A', '3071512187', 'P', 5, 2, 'INVESTIGATIVE', 38, 7, 1, 1975456, 'SMA ISLAM UBUDIYAH MANTANGAI', 7, 99, NULL),
	(3931782, 31, 211557, 254, 'Nuraini A', '3071512187', 'P', 4, 4, 'ARTISTIC', 39, 7, 1, 1975456, 'SMA ISLAM UBUDIYAH MANTANGAI', 7, 99, NULL),
	(3931783, 31, 211557, 255, 'Nuraini A', '3071512187', 'P', 8, 6, 'SOCIAL', 40, 7, 1, 1975456, 'SMA ISLAM UBUDIYAH MANTANGAI', 7, 99, NULL),
	(3931784, 31, 211557, 256, 'Nuraini A', '3071512187', 'P', 3, 3, 'ENTERPRISING', 41, 7, 1, 1975456, 'SMA ISLAM UBUDIYAH MANTANGAI', 7, 99, NULL),
	(3931785, 31, 211557, 257, 'Nuraini A', '3071512187', 'P', 7, 6, 'CONVENTIONAL', 42, 7, 1, 1975456, 'SMA ISLAM UBUDIYAH MANTANGAI', 7, 99, NULL),
	(3931779, 31, 211557, 258, 'Nuraini A', '3071512187', 'P', 5, 5, 'Pelajaran Khusus', 43, 7, 1, 1975456, 'SMA ISLAM UBUDIYAH MANTANGAI', 6, 99, NULL),
	(3938175, 31, 211557, 263, 'Nuraini A', '3071512187', 'P', 5, 5, 'Verbal', 44, 4, 1, 1975457, 'SMA ISLAM UBUDIYAH MANTANGAI', 12, 99, NULL),
	(3931809, 31, 211557, 264, 'Nuraini A', '3071512187', 'P', 5, 5, 'Kuantitatif', 45, 4, 1, 1975457, 'SMA ISLAM UBUDIYAH MANTANGAI', 17, 99, NULL),
	(3943724, 31, 211557, 265, 'Nuraini A', '3071512187', 'P', 0, 0, 'Penalaran', 46, 4, 1, 1975457, 'SMA ISLAM UBUDIYAH MANTANGAI', 5, 99, NULL),
	(3940089, 31, 211557, 266, 'Nuraini A', '3071512187', 'P', 7, 7, 'Figural', 47, 4, 1, 1975457, 'SMA ISLAM UBUDIYAH MANTANGAI', 21, 99, NULL),
	(3953584, 31, 211558, 225, 'Putri Faza Najwa', '3084548483', 'P', 20, 20, 'BERHITUNG ANGKA', 19, 5, 1, 1975463, 'SMA ISLAM UBUDIYAH MANTANGAI', 25, 1, NULL),
	(3880328, 31, 211558, 226, 'Putri Faza Najwa', '3084548483', 'P', 0, 0, 'GABUNGAN BAGIAN', 20, 5, 1, 1975463, 'SMA ISLAM UBUDIYAH MANTANGAI', 30, 2, NULL),
	(3919939, 31, 211558, 227, 'Putri Faza Najwa', '3084548483', 'P', 4, 4, 'HUBUNGAN KATA', 21, 5, 1, 1975463, 'SMA ISLAM UBUDIYAH MANTANGAI', 21, 3, NULL),
	(3908007, 31, 211558, 228, 'Putri Faza Najwa', '3084548483', 'P', 4, 4, 'EKSKLUSI GAMBAR', 22, 5, 1, 1975463, 'SMA ISLAM UBUDIYAH MANTANGAI', 12, 4, NULL),
	(3960049, 31, 211558, 229, 'Putri Faza Najwa', '3084548483', 'P', 3, 3, 'SOAL BERHITUNG', 23, 5, 1, 1975463, 'SMA ISLAM UBUDIYAH MANTANGAI', 10, 5, NULL),
	(3888950, 31, 211558, 230, 'Putri Faza Najwa', '3084548483', 'P', 44, 44, 'MENELITI', 24, 5, 1, 1975463, 'SMA ISLAM UBUDIYAH MANTANGAI', 54, 6, NULL),
	(3902051, 31, 211558, 231, 'Putri Faza Najwa', '3084548483', 'P', 3, 3, 'MEMBENTUK BENDA', 25, 5, 1, 1975463, 'SMA ISLAM UBUDIYAH MANTANGAI', 15, 7, NULL),
	(3925885, 31, 211558, 232, 'Putri Faza Najwa', '3084548483', 'P', 9, 9, 'EKSKLUSI KATA', 26, 5, 1, 1975463, 'SMA ISLAM UBUDIYAH MANTANGAI', 20, 8, NULL),
	(3893267, 31, 211558, 233, 'Putri Faza Najwa', '3084548483', 'P', 3, 3, 'BAYANGAN CERMIN', 27, 5, 1, 1975463, 'SMA ISLAM UBUDIYAH MANTANGAI', 29, 9, NULL),
	(3932709, 31, 211558, 234, 'Putri Faza Najwa', '3084548483', 'P', 18, 18, 'BERHITUNG HURUF', 28, 5, 1, 1975463, 'SMA ISLAM UBUDIYAH MANTANGAI', 30, 10, NULL),
	(3946572, 31, 211558, 235, 'Putri Faza Najwa', '3084548483', 'P', 22, 22, 'MEMBANDINGKAN BENDA', 29, 5, 1, 1975463, 'SMA ISLAM UBUDIYAH MANTANGAI', 25, 11, NULL),
	(3912810, 31, 211558, 236, 'Putri Faza Najwa', '3084548483', 'P', 13, 13, 'PEMBENTUKAN KATA', 30, 5, 1, 1975463, 'SMA ISLAM UBUDIYAH MANTANGAI', 63, 12, NULL),
	(3967350, 31, 211558, 252, 'Putri Faza Najwa', '3084548483', 'P', 4, 4, 'REALISTIC', 36, 7, 1, 1975464, 'SMA ISLAM UBUDIYAH MANTANGAI', 7, 99, NULL),
	(3968840, 31, 211558, 240, 'Putri Faza Najwa', '3084548483', 'P', 0, 5, 'Quesioner Test', 37, 6, 1, 1975466, 'SMA ISLAM UBUDIYAH MANTANGAI', 5, 99, NULL),
	(3967351, 31, 211558, 253, 'Putri Faza Najwa', '3084548483', 'P', 9, 6, 'INVESTIGATIVE', 38, 7, 1, 1975464, 'SMA ISLAM UBUDIYAH MANTANGAI', 7, 99, NULL),
	(3967352, 31, 211558, 254, 'Putri Faza Najwa', '3084548483', 'P', 5, 4, 'ARTISTIC', 39, 7, 1, 1975464, 'SMA ISLAM UBUDIYAH MANTANGAI', 7, 99, NULL),
	(3967353, 31, 211558, 255, 'Putri Faza Najwa', '3084548483', 'P', 6, 3, 'SOCIAL', 40, 7, 1, 1975464, 'SMA ISLAM UBUDIYAH MANTANGAI', 7, 99, NULL),
	(3967354, 31, 211558, 256, 'Putri Faza Najwa', '3084548483', 'P', 9, 6, 'ENTERPRISING', 41, 7, 1, 1975464, 'SMA ISLAM UBUDIYAH MANTANGAI', 7, 99, NULL),
	(3967355, 31, 211558, 257, 'Putri Faza Najwa', '3084548483', 'P', 8, 5, 'CONVENTIONAL', 42, 7, 1, 1975464, 'SMA ISLAM UBUDIYAH MANTANGAI', 7, 99, NULL),
	(3967349, 31, 211558, 258, 'Putri Faza Najwa', '3084548483', 'P', 13, 6, 'Pelajaran Khusus', 43, 7, 1, 1975464, 'SMA ISLAM UBUDIYAH MANTANGAI', 6, 99, NULL),
	(3968577, 31, 211558, 263, 'Putri Faza Najwa', '3084548483', 'P', 3, 3, 'Verbal', 44, 4, 1, 1975465, 'SMA ISLAM UBUDIYAH MANTANGAI', 12, 99, NULL),
	(3968411, 31, 211558, 264, 'Putri Faza Najwa', '3084548483', 'P', 2, 2, 'Kuantitatif', 45, 4, 1, 1975465, 'SMA ISLAM UBUDIYAH MANTANGAI', 17, 99, NULL),
	(3968239, 31, 211558, 265, 'Putri Faza Najwa', '3084548483', 'P', 0, 0, 'Penalaran', 46, 4, 1, 1975465, 'SMA ISLAM UBUDIYAH MANTANGAI', 5, 99, NULL),
	(3967357, 31, 211558, 266, 'Putri Faza Najwa', '3084548483', 'P', 3, 3, 'Figural', 47, 4, 1, 1975465, 'SMA ISLAM UBUDIYAH MANTANGAI', 21, 99, NULL),
	(3885770, 31, 211559, 225, 'Roynaldo C.W', '0089988234', 'L', 19, 19, 'BERHITUNG ANGKA', 19, 5, 1, 1975471, 'SMA ISLAM UBUDIYAH MANTANGAI', 25, 1, NULL),
	(3908120, 31, 211559, 226, 'Roynaldo C.W', '0089988234', 'L', 1, 1, 'GABUNGAN BAGIAN', 20, 5, 1, 1975471, 'SMA ISLAM UBUDIYAH MANTANGAI', 20, 2, NULL),
	(3905816, 31, 211559, 227, 'Roynaldo C.W', '0089988234', 'L', 6, 6, 'HUBUNGAN KATA', 21, 5, 1, 1975471, 'SMA ISLAM UBUDIYAH MANTANGAI', 20, 3, NULL),
	(3919696, 31, 211559, 228, 'Roynaldo C.W', '0089988234', 'L', 6, 6, 'EKSKLUSI GAMBAR', 22, 5, 1, 1975471, 'SMA ISLAM UBUDIYAH MANTANGAI', 12, 4, NULL),
	(3880795, 31, 211559, 229, 'Roynaldo C.W', '0089988234', 'L', 3, 3, 'SOAL BERHITUNG', 23, 5, 1, 1975471, 'SMA ISLAM UBUDIYAH MANTANGAI', 10, 5, NULL),
	(3902125, 31, 211559, 230, 'Roynaldo C.W', '0089988234', 'L', 47, 47, 'MENELITI', 24, 5, 1, 1975471, 'SMA ISLAM UBUDIYAH MANTANGAI', 50, 6, NULL),
	(3522183, 31, 211559, 231, 'Roynaldo C.W', '0089988234', 'L', 3, 3, 'MEMBENTUK BENDA', 25, 5, 1, 1975471, 'SMA ISLAM UBUDIYAH MANTANGAI', 12, 7, NULL),
	(3915169, 31, 211559, 232, 'Roynaldo C.W', '0089988234', 'L', 6, 6, 'EKSKLUSI KATA', 26, 5, 1, 1975471, 'SMA ISLAM UBUDIYAH MANTANGAI', 20, 8, NULL),
	(3921819, 31, 211559, 233, 'Roynaldo C.W', '0089988234', 'L', 1, 1, 'BAYANGAN CERMIN', 27, 5, 1, 1975471, 'SMA ISLAM UBUDIYAH MANTANGAI', 20, 9, NULL),
	(3892294, 31, 211559, 234, 'Roynaldo C.W', '0089988234', 'L', 22, 22, 'BERHITUNG HURUF', 28, 5, 1, 1975471, 'SMA ISLAM UBUDIYAH MANTANGAI', 30, 10, NULL),
	(3912052, 31, 211559, 235, 'Roynaldo C.W', '0089988234', 'L', 21, 21, 'MEMBANDINGKAN BENDA', 29, 5, 1, 1975471, 'SMA ISLAM UBUDIYAH MANTANGAI', 25, 11, NULL),
	(3897892, 31, 211559, 236, 'Roynaldo C.W', '0089988234', 'L', 17, 17, 'PEMBENTUKAN KATA', 30, 5, 1, 1975471, 'SMA ISLAM UBUDIYAH MANTANGAI', 40, 12, NULL),
	(3934606, 31, 211559, 252, 'Roynaldo C.W', '0089988234', 'L', 5, 4, 'REALISTIC', 36, 7, 1, 1975472, 'SMA ISLAM UBUDIYAH MANTANGAI', 7, 99, NULL),
	(3946770, 31, 211559, 240, 'Roynaldo C.W', '0089988234', 'L', 0, 5, 'Quesioner Test', 37, 6, 1, 1975474, 'SMA ISLAM UBUDIYAH MANTANGAI', 6, 99, NULL),
	(3934607, 31, 211559, 253, 'Roynaldo C.W', '0089988234', 'L', 8, 4, 'INVESTIGATIVE', 38, 7, 1, 1975472, 'SMA ISLAM UBUDIYAH MANTANGAI', 7, 99, NULL),
	(3934608, 31, 211559, 254, 'Roynaldo C.W', '0089988234', 'L', 2, 1, 'ARTISTIC', 39, 7, 1, 1975472, 'SMA ISLAM UBUDIYAH MANTANGAI', 7, 99, NULL),
	(3934609, 31, 211559, 255, 'Roynaldo C.W', '0089988234', 'L', 9, 6, 'SOCIAL', 40, 7, 1, 1975472, 'SMA ISLAM UBUDIYAH MANTANGAI', 7, 99, NULL),
	(3934610, 31, 211559, 256, 'Roynaldo C.W', '0089988234', 'L', 5, 4, 'ENTERPRISING', 41, 7, 1, 1975472, 'SMA ISLAM UBUDIYAH MANTANGAI', 7, 99, NULL),
	(3934611, 31, 211559, 257, 'Roynaldo C.W', '0089988234', 'L', 5, 3, 'CONVENTIONAL', 42, 7, 1, 1975472, 'SMA ISLAM UBUDIYAH MANTANGAI', 7, 99, NULL),
	(3934605, 31, 211559, 258, 'Roynaldo C.W', '0089988234', 'L', 10, 5, 'Pelajaran Khusus', 43, 7, 1, 1975472, 'SMA ISLAM UBUDIYAH MANTANGAI', 6, 99, NULL),
	(3936118, 31, 211559, 263, 'Roynaldo C.W', '0089988234', 'L', 2, 2, 'Verbal', 44, 4, 1, 1975473, 'SMA ISLAM UBUDIYAH MANTANGAI', 12, 99, NULL),
	(3941913, 31, 211559, 264, 'Roynaldo C.W', '0089988234', 'L', 2, 2, 'Kuantitatif', 45, 4, 1, 1975473, 'SMA ISLAM UBUDIYAH MANTANGAI', 17, 99, NULL),
	(3934616, 31, 211559, 265, 'Roynaldo C.W', '0089988234', 'L', 0, 0, 'Penalaran', 46, 4, 1, 1975473, 'SMA ISLAM UBUDIYAH MANTANGAI', 5, 99, NULL),
	(3939069, 31, 211559, 266, 'Roynaldo C.W', '0089988234', 'L', 9, 9, 'Figural', 47, 4, 1, 1975473, 'SMA ISLAM UBUDIYAH MANTANGAI', 21, 99, NULL),
	(3916924, 31, 211560, 225, 'Saddam Sugianto', '0053213163', 'L', 10, 10, 'BERHITUNG ANGKA', 19, 5, 1, 1975479, 'SMA ISLAM UBUDIYAH MANTANGAI', 36, 1, NULL),
	(3881554, 31, 211560, 226, 'Saddam Sugianto', '0053213163', 'L', 0, 0, 'GABUNGAN BAGIAN', 20, 5, 1, 1975479, 'SMA ISLAM UBUDIYAH MANTANGAI', 20, 2, NULL),
	(3900588, 31, 211560, 227, 'Saddam Sugianto', '0053213163', 'L', 0, 0, 'HUBUNGAN KATA', 21, 5, 1, 1975479, 'SMA ISLAM UBUDIYAH MANTANGAI', 20, 3, NULL),
	(3889869, 31, 211560, 228, 'Saddam Sugianto', '0053213163', 'L', 1, 1, 'EKSKLUSI GAMBAR', 22, 5, 1, 1975479, 'SMA ISLAM UBUDIYAH MANTANGAI', 12, 4, NULL),
	(3903660, 31, 211560, 229, 'Saddam Sugianto', '0053213163', 'L', 6, 6, 'SOAL BERHITUNG', 23, 5, 1, 1975479, 'SMA ISLAM UBUDIYAH MANTANGAI', 10, 5, NULL),
	(3896692, 31, 211560, 230, 'Saddam Sugianto', '0053213163', 'L', 39, 39, 'MENELITI', 24, 5, 1, 1975479, 'SMA ISLAM UBUDIYAH MANTANGAI', 61, 6, NULL),
	(3877413, 31, 211560, 231, 'Saddam Sugianto', '0053213163', 'L', 1, 1, 'MEMBENTUK BENDA', 25, 5, 1, 1975479, 'SMA ISLAM UBUDIYAH MANTANGAI', 19, 7, NULL),
	(3901976, 31, 211560, 232, 'Saddam Sugianto', '0053213163', 'L', 4, 4, 'EKSKLUSI KATA', 26, 5, 1, 1975479, 'SMA ISLAM UBUDIYAH MANTANGAI', 20, 8, NULL),
	(3884929, 31, 211560, 233, 'Saddam Sugianto', '0053213163', 'L', 0, 0, 'BAYANGAN CERMIN', 27, 5, 1, 1975479, 'SMA ISLAM UBUDIYAH MANTANGAI', 20, 9, NULL),
	(3909261, 31, 211560, 234, 'Saddam Sugianto', '0053213163', 'L', 15, 15, 'BERHITUNG HURUF', 28, 5, 1, 1975479, 'SMA ISLAM UBUDIYAH MANTANGAI', 30, 10, NULL),
	(3892905, 31, 211560, 235, 'Saddam Sugianto', '0053213163', 'L', 22, 22, 'MEMBANDINGKAN BENDA', 29, 5, 1, 1975479, 'SMA ISLAM UBUDIYAH MANTANGAI', 25, 11, NULL),
	(3931357, 31, 211560, 236, 'Saddam Sugianto', '0053213163', 'L', 10, 10, 'PEMBENTUKAN KATA', 30, 5, 1, 1975479, 'SMA ISLAM UBUDIYAH MANTANGAI', 57, 12, NULL),
	(3939731, 31, 211560, 252, 'Saddam Sugianto', '0053213163', 'L', 7, 7, 'REALISTIC', 36, 7, 1, 1975480, 'SMA ISLAM UBUDIYAH MANTANGAI', 7, 99, NULL),
	(3961598, 31, 211560, 240, 'Saddam Sugianto', '0053213163', 'L', 0, 5, 'Quesioner Test', 37, 6, 1, 1975482, 'SMA ISLAM UBUDIYAH MANTANGAI', 6, 99, NULL),
	(3939732, 31, 211560, 253, 'Saddam Sugianto', '0053213163', 'L', 9, 7, 'INVESTIGATIVE', 38, 7, 1, 1975480, 'SMA ISLAM UBUDIYAH MANTANGAI', 7, 99, NULL),
	(3939733, 31, 211560, 254, 'Saddam Sugianto', '0053213163', 'L', 8, 7, 'ARTISTIC', 39, 7, 1, 1975480, 'SMA ISLAM UBUDIYAH MANTANGAI', 7, 99, NULL),
	(3939734, 31, 211560, 255, 'Saddam Sugianto', '0053213163', 'L', 7, 6, 'SOCIAL', 40, 7, 1, 1975480, 'SMA ISLAM UBUDIYAH MANTANGAI', 7, 99, NULL),
	(3939735, 31, 211560, 256, 'Saddam Sugianto', '0053213163', 'L', 8, 7, 'ENTERPRISING', 41, 7, 1, 1975480, 'SMA ISLAM UBUDIYAH MANTANGAI', 7, 99, NULL),
	(3939736, 31, 211560, 257, 'Saddam Sugianto', '0053213163', 'L', 8, 7, 'CONVENTIONAL', 42, 7, 1, 1975480, 'SMA ISLAM UBUDIYAH MANTANGAI', 7, 99, NULL),
	(3939730, 31, 211560, 258, 'Saddam Sugianto', '0053213163', 'L', 5, 5, 'Pelajaran Khusus', 43, 7, 1, 1975480, 'SMA ISLAM UBUDIYAH MANTANGAI', 6, 99, NULL),
	(3939742, 31, 211560, 263, 'Saddam Sugianto', '0053213163', 'L', 4, 4, 'Verbal', 44, 4, 1, 1975481, 'SMA ISLAM UBUDIYAH MANTANGAI', 14, 99, NULL),
	(3952068, 31, 211560, 264, 'Saddam Sugianto', '0053213163', 'L', 4, 4, 'Kuantitatif', 45, 4, 1, 1975481, 'SMA ISLAM UBUDIYAH MANTANGAI', 17, 99, NULL),
	(3957413, 31, 211560, 265, 'Saddam Sugianto', '0053213163', 'L', 1, 1, 'Penalaran', 46, 4, 1, 1975481, 'SMA ISLAM UBUDIYAH MANTANGAI', 5, 99, NULL),
	(3959360, 31, 211560, 266, 'Saddam Sugianto', '0053213163', 'L', 6, 6, 'Figural', 47, 4, 1, 1975481, 'SMA ISLAM UBUDIYAH MANTANGAI', 21, 99, NULL),
	(3880653, 31, 211561, 225, 'Selia', '0062838429', 'P', 21, 21, 'BERHITUNG ANGKA', 19, 5, 1, 1975487, 'SMA ISLAM UBUDIYAH MANTANGAI', 26, 1, NULL),
	(3886099, 31, 211561, 226, 'Selia', '0062838429', 'P', 0, 0, 'GABUNGAN BAGIAN', 20, 5, 1, 1975487, 'SMA ISLAM UBUDIYAH MANTANGAI', 20, 2, NULL),
	(3889004, 31, 211561, 227, 'Selia', '0062838429', 'P', 4, 4, 'HUBUNGAN KATA', 21, 5, 1, 1975487, 'SMA ISLAM UBUDIYAH MANTANGAI', 20, 3, NULL),
	(3914236, 31, 211561, 228, 'Selia', '0062838429', 'P', 2, 2, 'EKSKLUSI GAMBAR', 22, 5, 1, 1975487, 'SMA ISLAM UBUDIYAH MANTANGAI', 12, 4, NULL),
	(3906532, 31, 211561, 229, 'Selia', '0062838429', 'P', 4, 4, 'SOAL BERHITUNG', 23, 5, 1, 1975487, 'SMA ISLAM UBUDIYAH MANTANGAI', 10, 5, NULL),
	(3521395, 31, 211561, 230, 'Selia', '0062838429', 'P', 48, 48, 'MENELITI', 24, 5, 1, 1975487, 'SMA ISLAM UBUDIYAH MANTANGAI', 50, 6, NULL),
	(3913021, 31, 211561, 231, 'Selia', '0062838429', 'P', 1, 1, 'MEMBENTUK BENDA', 25, 5, 1, 1975487, 'SMA ISLAM UBUDIYAH MANTANGAI', 12, 7, NULL),
	(3897190, 31, 211561, 232, 'Selia', '0062838429', 'P', 4, 4, 'EKSKLUSI KATA', 26, 5, 1, 1975487, 'SMA ISLAM UBUDIYAH MANTANGAI', 20, 8, NULL),
	(3910183, 31, 211561, 233, 'Selia', '0062838429', 'P', 0, 0, 'BAYANGAN CERMIN', 27, 5, 1, 1975487, 'SMA ISLAM UBUDIYAH MANTANGAI', 20, 9, NULL),
	(3899611, 31, 211561, 234, 'Selia', '0062838429', 'P', 19, 19, 'BERHITUNG HURUF', 28, 5, 1, 1975487, 'SMA ISLAM UBUDIYAH MANTANGAI', 30, 10, NULL),
	(3894913, 31, 211561, 235, 'Selia', '0062838429', 'P', 2, 2, 'MEMBANDINGKAN BENDA', 29, 5, 1, 1975487, 'SMA ISLAM UBUDIYAH MANTANGAI', 25, 11, NULL),
	(3891503, 31, 211561, 236, 'Selia', '0062838429', 'P', 15, 15, 'PEMBENTUKAN KATA', 30, 5, 1, 1975487, 'SMA ISLAM UBUDIYAH MANTANGAI', 40, 12, NULL),
	(3920910, 31, 211561, 252, 'Selia', '0062838429', 'P', 6, 4, 'REALISTIC', 36, 7, 1, 1975488, 'SMA ISLAM UBUDIYAH MANTANGAI', 7, 99, NULL),
	(3935818, 31, 211561, 240, 'Selia', '0062838429', 'P', 0, 5, 'Quesioner Test', 37, 6, 1, 1975490, 'SMA ISLAM UBUDIYAH MANTANGAI', 5, 99, NULL),
	(3920912, 31, 211561, 253, 'Selia', '0062838429', 'P', 3, 2, 'INVESTIGATIVE', 38, 7, 1, 1975488, 'SMA ISLAM UBUDIYAH MANTANGAI', 7, 99, NULL),
	(3920913, 31, 211561, 254, 'Selia', '0062838429', 'P', 2, 2, 'ARTISTIC', 39, 7, 1, 1975488, 'SMA ISLAM UBUDIYAH MANTANGAI', 7, 99, NULL),
	(3920914, 31, 211561, 255, 'Selia', '0062838429', 'P', 9, 7, 'SOCIAL', 40, 7, 1, 1975488, 'SMA ISLAM UBUDIYAH MANTANGAI', 7, 99, NULL),
	(3920915, 31, 211561, 256, 'Selia', '0062838429', 'P', 2, 2, 'ENTERPRISING', 41, 7, 1, 1975488, 'SMA ISLAM UBUDIYAH MANTANGAI', 7, 99, NULL),
	(3920916, 31, 211561, 257, 'Selia', '0062838429', 'P', 6, 5, 'CONVENTIONAL', 42, 7, 1, 1975488, 'SMA ISLAM UBUDIYAH MANTANGAI', 7, 99, NULL),
	(3920908, 31, 211561, 258, 'Selia', '0062838429', 'P', 5, 5, 'Pelajaran Khusus', 43, 7, 1, 1975488, 'SMA ISLAM UBUDIYAH MANTANGAI', 6, 99, NULL),
	(3924111, 31, 211561, 263, 'Selia', '0062838429', 'P', 1, 1, 'Verbal', 44, 4, 1, 1975489, 'SMA ISLAM UBUDIYAH MANTANGAI', 12, 99, NULL),
	(3920930, 31, 211561, 264, 'Selia', '0062838429', 'P', 5, 5, 'Kuantitatif', 45, 4, 1, 1975489, 'SMA ISLAM UBUDIYAH MANTANGAI', 17, 99, NULL),
	(3933036, 31, 211561, 265, 'Selia', '0062838429', 'P', 1, 1, 'Penalaran', 46, 4, 1, 1975489, 'SMA ISLAM UBUDIYAH MANTANGAI', 5, 99, NULL),
	(3929238, 31, 211561, 266, 'Selia', '0062838429', 'P', 5, 5, 'Figural', 47, 4, 1, 1975489, 'SMA ISLAM UBUDIYAH MANTANGAI', 21, 99, NULL),
	(3887826, 31, 211562, 225, 'Siti Aisah', '0084759546', 'P', 24, 24, 'BERHITUNG ANGKA', 19, 5, 1, 1975495, 'SMA ISLAM UBUDIYAH MANTANGAI', 26, 1, NULL),
	(3882945, 31, 211562, 226, 'Siti Aisah', '0084759546', 'P', 0, 0, 'GABUNGAN BAGIAN', 20, 5, 1, 1975495, 'SMA ISLAM UBUDIYAH MANTANGAI', 20, 2, NULL),
	(3521361, 31, 211562, 227, 'Siti Aisah', '0084759546', 'P', 5, 5, 'HUBUNGAN KATA', 21, 5, 1, 1975495, 'SMA ISLAM UBUDIYAH MANTANGAI', 20, 3, NULL),
	(3938449, 31, 211562, 228, 'Siti Aisah', '0084759546', 'P', 7, 7, 'EKSKLUSI GAMBAR', 22, 5, 1, 1975495, 'SMA ISLAM UBUDIYAH MANTANGAI', 12, 4, NULL),
	(3906082, 31, 211562, 229, 'Siti Aisah', '0084759546', 'P', 4, 4, 'SOAL BERHITUNG', 23, 5, 1, 1975495, 'SMA ISLAM UBUDIYAH MANTANGAI', 10, 5, NULL),
	(3917248, 31, 211562, 230, 'Siti Aisah', '0084759546', 'P', 45, 45, 'MENELITI', 24, 5, 1, 1975495, 'SMA ISLAM UBUDIYAH MANTANGAI', 51, 6, NULL),
	(3896600, 31, 211562, 231, 'Siti Aisah', '0084759546', 'P', 3, 3, 'MEMBENTUK BENDA', 25, 5, 1, 1975495, 'SMA ISLAM UBUDIYAH MANTANGAI', 12, 7, NULL),
	(3898512, 31, 211562, 232, 'Siti Aisah', '0084759546', 'P', 11, 11, 'EKSKLUSI KATA', 26, 5, 1, 1975495, 'SMA ISLAM UBUDIYAH MANTANGAI', 20, 8, NULL),
	(3901863, 31, 211562, 233, 'Siti Aisah', '0084759546', 'P', 0, 0, 'BAYANGAN CERMIN', 27, 5, 1, 1975495, 'SMA ISLAM UBUDIYAH MANTANGAI', 20, 9, NULL),
	(3927960, 31, 211562, 234, 'Siti Aisah', '0084759546', 'P', 15, 15, 'BERHITUNG HURUF', 28, 5, 1, 1975495, 'SMA ISLAM UBUDIYAH MANTANGAI', 42, 10, NULL),
	(3922656, 31, 211562, 235, 'Siti Aisah', '0084759546', 'P', 21, 21, 'MEMBANDINGKAN BENDA', 29, 5, 1, 1975495, 'SMA ISLAM UBUDIYAH MANTANGAI', 25, 11, NULL),
	(3911985, 31, 211562, 236, 'Siti Aisah', '0084759546', 'P', 22, 22, 'PEMBENTUKAN KATA', 30, 5, 1, 1975495, 'SMA ISLAM UBUDIYAH MANTANGAI', 44, 12, NULL),
	(3950592, 31, 211562, 252, 'Siti Aisah', '0084759546', 'P', 5, 4, 'REALISTIC', 36, 7, 1, 1975496, 'SMA ISLAM UBUDIYAH MANTANGAI', 7, 99, NULL),
	(3961003, 31, 211562, 240, 'Siti Aisah', '0084759546', 'P', 0, 5, 'Quesioner Test', 37, 6, 1, 1975498, 'SMA ISLAM UBUDIYAH MANTANGAI', 5, 99, NULL),
	(3950593, 31, 211562, 253, 'Siti Aisah', '0084759546', 'P', 2, 2, 'INVESTIGATIVE', 38, 7, 1, 1975496, 'SMA ISLAM UBUDIYAH MANTANGAI', 7, 99, NULL),
	(3950594, 31, 211562, 254, 'Siti Aisah', '0084759546', 'P', 4, 4, 'ARTISTIC', 39, 7, 1, 1975496, 'SMA ISLAM UBUDIYAH MANTANGAI', 7, 99, NULL),
	(3950595, 31, 211562, 255, 'Siti Aisah', '0084759546', 'P', 8, 6, 'SOCIAL', 40, 7, 1, 1975496, 'SMA ISLAM UBUDIYAH MANTANGAI', 7, 99, NULL),
	(3950596, 31, 211562, 256, 'Siti Aisah', '0084759546', 'P', 5, 4, 'ENTERPRISING', 41, 7, 1, 1975496, 'SMA ISLAM UBUDIYAH MANTANGAI', 7, 99, NULL),
	(3950597, 31, 211562, 257, 'Siti Aisah', '0084759546', 'P', 5, 3, 'CONVENTIONAL', 42, 7, 1, 1975496, 'SMA ISLAM UBUDIYAH MANTANGAI', 7, 99, NULL),
	(3950591, 31, 211562, 258, 'Siti Aisah', '0084759546', 'P', 6, 6, 'Pelajaran Khusus', 43, 7, 1, 1975496, 'SMA ISLAM UBUDIYAH MANTANGAI', 6, 99, NULL),
	(3959645, 31, 211562, 263, 'Siti Aisah', '0084759546', 'P', 4, 4, 'Verbal', 44, 4, 1, 1975497, 'SMA ISLAM UBUDIYAH MANTANGAI', 12, 99, NULL),
	(3958467, 31, 211562, 264, 'Siti Aisah', '0084759546', 'P', 2, 2, 'Kuantitatif', 45, 4, 1, 1975497, 'SMA ISLAM UBUDIYAH MANTANGAI', 17, 99, NULL),
	(3957284, 31, 211562, 265, 'Siti Aisah', '0084759546', 'P', 0, 0, 'Penalaran', 46, 4, 1, 1975497, 'SMA ISLAM UBUDIYAH MANTANGAI', 5, 99, NULL),
	(3950599, 31, 211562, 266, 'Siti Aisah', '0084759546', 'P', 7, 7, 'Figural', 47, 4, 1, 1975497, 'SMA ISLAM UBUDIYAH MANTANGAI', 21, 99, NULL),
	(3900122, 31, 211563, 225, 'Siti Hadizah', '0052418071', 'P', 24, 24, 'BERHITUNG ANGKA', 19, 5, 1, 1975503, 'SMA ISLAM UBUDIYAH MANTANGAI', 25, 1, NULL),
	(3885404, 31, 211563, 226, 'Siti Hadizah', '0052418071', 'P', 2, 2, 'GABUNGAN BAGIAN', 20, 5, 1, 1975503, 'SMA ISLAM UBUDIYAH MANTANGAI', 20, 2, NULL),
	(3908057, 31, 211563, 227, 'Siti Hadizah', '0052418071', 'P', 5, 5, 'HUBUNGAN KATA', 21, 5, 1, 1975503, 'SMA ISLAM UBUDIYAH MANTANGAI', 20, 3, NULL),
	(3911353, 31, 211563, 228, 'Siti Hadizah', '0052418071', 'P', 6, 6, 'EKSKLUSI GAMBAR', 22, 5, 1, 1975503, 'SMA ISLAM UBUDIYAH MANTANGAI', 12, 4, NULL),
	(3918439, 31, 211563, 229, 'Siti Hadizah', '0052418071', 'P', 1, NULL, 'SOAL BERHITUNG', 23, 5, 1, 1975503, 'SMA ISLAM UBUDIYAH MANTANGAI', NULL, 5, NULL),
	(3892419, 31, 211563, 230, 'Siti Hadizah', '0052418071', 'P', 49, 49, 'MENELITI', 24, 5, 1, 1975503, 'SMA ISLAM UBUDIYAH MANTANGAI', 50, 6, NULL),
	(3943030, 31, 211563, 231, 'Siti Hadizah', '0052418071', 'P', 8, 8, 'MEMBENTUK BENDA', 25, 5, 1, 1975503, 'SMA ISLAM UBUDIYAH MANTANGAI', 12, 7, NULL),
	(3914193, 31, 211563, 232, 'Siti Hadizah', '0052418071', 'P', 10, 10, 'EKSKLUSI KATA', 26, 5, 1, 1975503, 'SMA ISLAM UBUDIYAH MANTANGAI', 20, 8, NULL),
	(3896036, 31, 211563, 233, 'Siti Hadizah', '0052418071', 'P', 1, 1, 'BAYANGAN CERMIN', 27, 5, 1, 1975503, 'SMA ISLAM UBUDIYAH MANTANGAI', 20, 9, NULL),
	(3925583, 31, 211563, 234, 'Siti Hadizah', '0052418071', 'P', 30, 30, 'BERHITUNG HURUF', 28, 5, 1, 1975503, 'SMA ISLAM UBUDIYAH MANTANGAI', 30, 10, NULL),
	(3935518, 31, 211563, 235, 'Siti Hadizah', '0052418071', 'P', 18, 18, 'MEMBANDINGKAN BENDA', 29, 5, 1, 1975503, 'SMA ISLAM UBUDIYAH MANTANGAI', 27, 11, NULL),
	(3938697, 31, 211563, 236, 'Siti Hadizah', '0052418071', 'P', 32, 32, 'PEMBENTUKAN KATA', 30, 5, 1, 1975503, 'SMA ISLAM UBUDIYAH MANTANGAI', 41, 12, NULL),
	(3950954, 31, 211563, 252, 'Siti Hadizah', '0052418071', 'P', 6, 6, 'REALISTIC', 36, 7, 1, 1975504, 'SMA ISLAM UBUDIYAH MANTANGAI', 7, 99, NULL),
	(3964022, 31, 211563, 240, 'Siti Hadizah', '0052418071', 'P', 0, 5, 'Quesioner Test', 37, 6, 1, 1975506, 'SMA ISLAM UBUDIYAH MANTANGAI', 5, 99, NULL),
	(3950956, 31, 211563, 253, 'Siti Hadizah', '0052418071', 'P', 6, 4, 'INVESTIGATIVE', 38, 7, 1, 1975504, 'SMA ISLAM UBUDIYAH MANTANGAI', 7, 99, NULL),
	(3950957, 31, 211563, 254, 'Siti Hadizah', '0052418071', 'P', 9, 5, 'ARTISTIC', 39, 7, 1, 1975504, 'SMA ISLAM UBUDIYAH MANTANGAI', 7, 99, NULL),
	(3950959, 31, 211563, 255, 'Siti Hadizah', '0052418071', 'P', 8, 6, 'SOCIAL', 40, 7, 1, 1975504, 'SMA ISLAM UBUDIYAH MANTANGAI', 7, 99, NULL),
	(3950960, 31, 211563, 256, 'Siti Hadizah', '0052418071', 'P', 4, 4, 'ENTERPRISING', 41, 7, 1, 1975504, 'SMA ISLAM UBUDIYAH MANTANGAI', 7, 99, NULL),
	(3950963, 31, 211563, 257, 'Siti Hadizah', '0052418071', 'P', 8, 7, 'CONVENTIONAL', 42, 7, 1, 1975504, 'SMA ISLAM UBUDIYAH MANTANGAI', 7, 99, NULL),
	(3950952, 31, 211563, 258, 'Siti Hadizah', '0052418071', 'P', 8, 5, 'Pelajaran Khusus', 43, 7, 1, 1975504, 'SMA ISLAM UBUDIYAH MANTANGAI', 6, 99, NULL),
	(3962543, 31, 211563, 263, 'Siti Hadizah', '0052418071', 'P', 4, 4, 'Verbal', 44, 4, 1, 1975505, 'SMA ISLAM UBUDIYAH MANTANGAI', 13, 99, NULL),
	(3950987, 31, 211563, 264, 'Siti Hadizah', '0052418071', 'P', 3, 3, 'Kuantitatif', 45, 4, 1, 1975505, 'SMA ISLAM UBUDIYAH MANTANGAI', 17, 99, NULL),
	(3959279, 31, 211563, 265, 'Siti Hadizah', '0052418071', 'P', 1, 1, 'Penalaran', 46, 4, 1, 1975505, 'SMA ISLAM UBUDIYAH MANTANGAI', 5, 99, NULL),
	(3960545, 31, 211563, 266, 'Siti Hadizah', '0052418071', 'P', 7, 7, 'Figural', 47, 4, 1, 1975505, 'SMA ISLAM UBUDIYAH MANTANGAI', 21, 99, NULL);

-- Dumping structure for table aksamedia-intern.password_reset_tokens
CREATE TABLE IF NOT EXISTS `password_reset_tokens` (
  `email` varchar(255) NOT NULL,
  `token` varchar(255) NOT NULL,
  `created_at` timestamp NULL DEFAULT NULL,
  PRIMARY KEY (`email`)
) ENGINE=InnoDB DEFAULT CHARSET=utf8mb4 COLLATE=utf8mb4_0900_ai_ci;

-- Dumping data for table aksamedia-intern.password_reset_tokens: ~0 rows (approximately)

-- Dumping structure for table aksamedia-intern.personal_access_tokens
CREATE TABLE IF NOT EXISTS `personal_access_tokens` (
  `id` bigint unsigned NOT NULL AUTO_INCREMENT,
  `tokenable_type` varchar(255) NOT NULL,
  `tokenable_id` bigint unsigned NOT NULL,
  `name` varchar(255) NOT NULL,
  `token` varchar(64) NOT NULL,
  `abilities` text,
  `last_used_at` timestamp NULL DEFAULT NULL,
  `expires_at` timestamp NULL DEFAULT NULL,
  `created_at` timestamp NULL DEFAULT NULL,
  `updated_at` timestamp NULL DEFAULT NULL,
  PRIMARY KEY (`id`),
  UNIQUE KEY `personal_access_tokens_token_unique` (`token`),
  KEY `personal_access_tokens_tokenable_type_tokenable_id_index` (`tokenable_type`,`tokenable_id`)
) ENGINE=InnoDB DEFAULT CHARSET=utf8mb4 COLLATE=utf8mb4_0900_ai_ci;

-- Dumping data for table aksamedia-intern.personal_access_tokens: ~0 rows (approximately)

-- Dumping structure for table aksamedia-intern.sessions
CREATE TABLE IF NOT EXISTS `sessions` (
  `id` varchar(255) NOT NULL,
  `user_id` bigint unsigned DEFAULT NULL,
  `ip_address` varchar(45) DEFAULT NULL,
  `user_agent` text,
  `payload` longtext NOT NULL,
  `last_activity` int NOT NULL,
  PRIMARY KEY (`id`),
  KEY `sessions_user_id_index` (`user_id`),
  KEY `sessions_last_activity_index` (`last_activity`)
) ENGINE=InnoDB DEFAULT CHARSET=utf8mb4 COLLATE=utf8mb4_0900_ai_ci;

-- Dumping data for table aksamedia-intern.sessions: ~0 rows (approximately)
INSERT INTO `sessions` (`id`, `user_id`, `ip_address`, `user_agent`, `payload`, `last_activity`) VALUES
	('J5srATIPDwkBhrF7EC4gFsUif1XWU3azq5IbKfNq', NULL, '127.0.0.1', 'Thunder Client (https://www.thunderclient.com)', 'YToyOntzOjY6Il90b2tlbiI7czo0MDoiRjNVVVZjZGtpTEdiZzJmYmNOSXM2Sm9RaTNrbmkzS1dTT1JYN2dNRSI7czo2OiJfZmxhc2giO2E6Mjp7czozOiJvbGQiO2E6MDp7fXM6MzoibmV3IjthOjA6e319fQ==', 1736488525),
	('NLoH22b3pGQShHOdkd7epPlA2Sfnss4JMSDKNmZ8', NULL, '127.0.0.1', 'Mozilla/5.0 (Windows NT 10.0; Win64; x64) AppleWebKit/537.36 (KHTML, like Gecko) Chrome/131.0.0.0 Safari/537.36 Edg/131.0.0.0', 'YTozOntzOjY6Il90b2tlbiI7czo0MDoiaHJXN1pxc0EwWXFhTDJIeGlFalk4NFJtNDF1aVJ5TUVONmRUVERYNSI7czo5OiJfcHJldmlvdXMiO2E6MTp7czozOiJ1cmwiO3M6MjE6Imh0dHA6Ly8xMjcuMC4wLjE6ODAwMCI7fXM6NjoiX2ZsYXNoIjthOjI6e3M6Mzoib2xkIjthOjA6e31zOjM6Im5ldyI7YTowOnt9fX0=', 1736488560);

-- Dumping structure for table aksamedia-intern.users
CREATE TABLE IF NOT EXISTS `users` (
  `id` char(36) NOT NULL,
  `name` varchar(255) NOT NULL,
  `username` varchar(255) NOT NULL,
  `password` varchar(255) NOT NULL,
  `phone` varchar(255) NOT NULL,
  `email` varchar(255) NOT NULL,
  `email_verified_at` timestamp NOT NULL,
  `remember_token` varchar(100) DEFAULT NULL,
  `created_at` timestamp NULL DEFAULT NULL,
  `updated_at` timestamp NULL DEFAULT NULL,
  PRIMARY KEY (`id`),
  UNIQUE KEY `users_username_unique` (`username`),
  UNIQUE KEY `users_email_unique` (`email`)
) ENGINE=InnoDB DEFAULT CHARSET=utf8mb4 COLLATE=utf8mb4_0900_ai_ci;

-- Dumping data for table aksamedia-intern.users: ~0 rows (approximately)
INSERT INTO `users` (`id`, `name`, `username`, `password`, `phone`, `email`, `email_verified_at`, `remember_token`, `created_at`, `updated_at`) VALUES
	('9dee98f7-8a2c-42f1-adc2-bc874d114a76', 'Mr. Giovanny Wolff', 'admin', '$2y$12$Ee7tS1.h.eEBHjvE3YwkJuEHpxCOdm73ab4Q9Fmays45BTghLDQEy', '08000000001', 'admin@egmail.com', '2025-01-09 19:49:00', 'REF0rQdMox', '2025-01-09 19:49:01', '2025-01-09 19:49:01');

/*!40103 SET TIME_ZONE=IFNULL(@OLD_TIME_ZONE, 'system') */;
/*!40101 SET SQL_MODE=IFNULL(@OLD_SQL_MODE, '') */;
/*!40014 SET FOREIGN_KEY_CHECKS=IFNULL(@OLD_FOREIGN_KEY_CHECKS, 1) */;
/*!40101 SET CHARACTER_SET_CLIENT=@OLD_CHARACTER_SET_CLIENT */;
/*!40111 SET SQL_NOTES=IFNULL(@OLD_SQL_NOTES, 1) */;
